circo,code_circo,second_tour,swing_circo,candidat_1,candidat_1_parti,candidat_1_score,candidat_2,candidat_2_parti,candidat_2_score,candidat_3,candidat_3_parti,candidat_3_score,diff_vote
Ain – 1,001-01,True,,Christophe MAÎTRE / EXD / Rassemblement national,EXD,39.37,Xavier BRETON / LR / Les Républicains,LR,23.96,Sébastien GUERAUD / NFP / Parti socialiste,NFP,23.45,15.409999999999997
Ain – 2,001-02,True,,Andréa KOTARAC / EXD / Rassemblement national,EXD,39.2,Romain DAUBIÉ / ENS / Modem,ENS,24.21,Maxime MEYER / NFP / Les Écologistes,NFP,23.61,14.990000000000002
Ain – 3,001-03,True,<0.5,Olga GIVERNET / ENS / Renaissance,ENS,32.43,Karine DUBARRY / EXD / Rassemblement national,EXD,32.11,Christian JOLIE / NFP / La France insoumise,NFP,25.12,0.3200000000000003
Ain – 4,001-04,True,,Jérôme BUISSON / EXD / Rassemblement national,EXD,46.01,Christophe COQUELET / ENS / Horizons,ENS,21.87,Charline LIOTIER / NFP / Les Écologistes,NFP,19.96,24.139999999999997
Ain – 5,001-05,True,,Marc CHAVENT / EXD / À droite ! Les amis d’Éric Ciotti,EXD,39.12,Florence PISANI / NFP / La France insoumise,NFP,24.34,,,,14.779999999999998
Aisne – 1,002-01,False,,Nicolas DRAGON / EXD / Rassemblement national,EXD,54.49,,,,,,,
Aisne – 2,002-02,True,,Philippe TORRE / EXD / Rassemblement national,EXD,47.06,Julien DIVE / LR / Du courage !,LR,35.66,,,,11.400000000000006
Aisne – 3,002-03,False,,Eddy CASTERMAN / EXD / Rassemblement national,EXD,57.64,,,,,,,
Aisne – 4,002-04,False,,José BEAURAIN / EXD / Rassemblement national,EXD,55.04,,,,,,,
Aisne – 5,002-05,False,,Jocelyn DESSIGNY / EXD / Rassemblement national,EXD,53.07,,,,,,,
Allier – 1,003-01,True,,Anne-Marie THÈS / EXD / Rassemblement national,EXD,38.61,Yannick MONNET / NFP / Parti communiste français,NFP,28.84,,,,9.77
Allier – 2,003-02,True,,Jorys BOVET / EXD / Rassemblement national,EXD,34.33,Louise HERITIER / NFP / La France insoumise,NFP,24.06,Romain LEFEBVRE / LR / Les Républicains,LR,19.67,10.27
Allier – 3,003-03,True,<5,Nicolas RAY / LR / Les Républicains,LR,40.05,Rémy QUENEY / EXD / Rassemblement national,EXD,37.82,Aline JEUDI / NFP / Parti socialiste,NFP,20.4,2.229999999999997
Alpes-de-Haute-Provence – 1,004-01,True,,Christian GIRARD / EXD / Rassemblement national,EXD,44.3,Felix BLANC / NFP / Les Écologistes,NFP,27.26,Benoit GAUVAN / ENS / Renaissance,ENS,19.35,17.039999999999996
Alpes-de-Haute-Provence – 2,004-02,True,,Sophie VAGINAY / EXD / À droite ! Les amis d’Éric Ciotti,EXD,40.89,Léo WALTER / NFP / La France insoumise,NFP,32.99,Dominique BLANC / ENS / Parti radical,ENS,22.69,7.899999999999999
Hautes-Alpes – 1,005-01,True,,Jérôme SAINTE-MARIE / EXD / Rassemblement national,EXD,38.24,Marie-José ALLEMAND / NFP / Parti socialiste,NFP,30.47,Pascale BOYER / ENS / Renaissance,ENS,22.58,7.770000000000003
Hautes-Alpes – 2,005-02,True,<2,Louis ALBRAND / EXD / Rassemblement national,EXD,33.88,Valérie ROSSI / NFP / Parti socialiste,NFP,32.7,Sébastien FINE / ENS / Parti radical,ENS,26.7,1.1799999999999997
Alpes-Maritimes – 1,006-01,True,,Eric CIOTTI / EXD / À droite ! Les amis d’Éric Ciotti,EXD,41.04,Olivier SALERNO / NFP / La France insoumise,NFP,26.62,Graig MONETTI / ENS / Horizons,ENS,22.79,14.419999999999998
Alpes-Maritimes – 2,006-02,True,,Lionel TIVOLI / EXD / Rassemblement national,EXD,48.08,Leïla TONNERRE / NFP / La France insoumise,NFP,19.01,,,,29.069999999999997
Alpes-Maritimes – 3,006-03,True,,Bernard CHAIX / EXD / À droite ! Les amis d’Éric Ciotti,EXD,41.47,Laure QUIGNARD / NFP / Parti socialiste,NFP,27.24,Philippe PRADAL / ENS / Horizons,ENS,25.36,14.23
Alpes-Maritimes – 4,006-04,False,,Alexandra MASSON / EXD / Rassemblement national,EXD,56.27,,,,,,,
Alpes-Maritimes – 5,006-05,False,,Christelle D'INTORNI / EXD / À droite ! Les amis d’Éric Ciotti,EXD,50.35,,,,,,,
Alpes-Maritimes – 6,006-06,False,,Bryan MASSON / EXD / Rassemblement national,EXD,50.85,,,,,,,
Alpes-Maritimes – 7,006-07,True,,Thierry FERRAND / EXD / Rassemblement national,EXD,36.32,Eric PAUGET / LR / Les Républicains,LR,24.88,,,,11.440000000000001
Alpes-Maritimes – 8,006-08,True,,Dorette LANDERER / EXD / Rassemblement national,EXD,42.74,Alexandra MARTIN / LR / Régions et peuples solidaires,LR,28.39,,,,14.350000000000001
Alpes-Maritimes – 9,006-09,True,,Franck GALBERT / EXD / Rassemblement national,EXD,42.31,Michèle TABAROT / LR / Les Républicains,LR,33.84,,,,8.469999999999999
Ardèche – 1,007-01,True,<2,Céline PORQUET / EXD / Rassemblement national,EXD,39.95,Hervé SAULIGNAC / NFP / Parti socialiste,NFP,38.24,,,,1.7100000000000009
Ardèche – 2,007-02,True,,Vincent TREBUCHET / EXD / À droite ! Les amis d’Éric Ciotti,EXD,35.75,Michèle VICTORY / NFP / Parti socialiste,NFP,24.97,,,,10.780000000000001
Ardèche – 3,007-03,True,<5,Cyrille GRANGIER / EXD / Rassemblement national,EXD,31.95,Florence PALLOT / NFP / La France insoumise,NFP,28.31,Fabrice BRUN / Divers droite,,26.48,3.6400000000000006
Ardennes – 1,008-01,True,,Flavien TERMET / EXD / Rassemblement national,EXD,38.33,Lionel VUIBERT / ENS / Renaissance,ENS,26.16,,,,12.169999999999998
Ardennes – 2,008-02,True,,Pauline MESTER / EXD / Rassemblement national,EXD,40.83,Pierre CORDIER / LR / Les Républicains,LR,30.15,,,,10.68
Ardennes – 3,008-03,True,<0.5,Jean-Luc WARSMANN / Divers droite,,43.56,Isabelle ROGER / EXD / Rassemblement national,EXD,43.38,,,,0.17999999999999972
Ariège – 1,009-01,False,,Martine FROGER / NFP / Parti socialiste,NFP,50.74,,,,,,,
Ariège – 2,009-02,True,,Laurent PANIFOUS / NFP / Parti socialiste,NFP,48.25,Michèle ALOZY / EXD / Rassemblement national,EXD,40.41,,,,7.840000000000003
Aube – 1,010-01,False,,Jordan GUITTON / EXD / Rassemblement national,EXD,53.84,,,,,,,
Aube – 2,010-02,True,,Albéric FERRAND / EXD / Rassemblement national,EXD,44.83,Valérie BAZIN-MALGRAS / LR / Les Républicains,LR,27.93,,,,16.9
Aube – 3,010-03,True,,Angélique RANC / EXD / Rassemblement national,EXD,43.33,Olivier GIRARDIN / NFP / Parti socialiste,NFP,24.39,,,,18.939999999999998
Aude – 1,011-01,True,,Christophe BARTHÈS / EXD / Rassemblement national,EXD,49.33,Philippe POUTOU / NFP / La France insoumise,NFP,18.7,,,,30.63
Aude – 2,011-02,True,,Frédéric FALCON / EXD / Rassemblement national,EXD,48.12,Viviane THIVENT / NFP / Les Écologistes,NFP,26.02,Christine BREYTON / ENS / Renaissance,ENS,19.32,22.099999999999998
Aude – 3,011-03,True,,Julien RANCOULE / EXD / Rassemblement national,EXD,44.7,Philippe ANDRIEU / NFP / Parti socialiste,NFP,32.67,,,,12.030000000000001
Aveyron – 1,012-01,True,,Stéphane MAZARS / ENS / Renaissance,ENS,43.58,Jean-Philippe CHARTIER / EXD / Rassemblement national,EXD,31.48,Léon THEBAULT / NFP / Les Écologistes,NFP,22.74,12.099999999999998
Aveyron – 2,012-02,True,<0.5,Marie-Christine PAROLIN / EXD / Rassemblement national,EXD,33.11,Laurent ALEXANDRE / NFP / La France insoumise,NFP,32.73,Samuel DEGUARA / ENS / Parti radical,ENS,30.55,0.38000000000000256
Aveyron – 3,012-03,True,<5,Pierre-Antoine FEVRE / EXD / À droite ! Les amis d’Éric Ciotti,EXD,35.46,Jean-François ROUSSET / ENS / Renaissance,ENS,32.45,Richard BOUIGUE / NFP / Parti socialiste,NFP,28.81,3.009999999999998
Bouches-du-Rhône – 1,013-01,True,,Monique GRISETI / EXD / Rassemblement national,EXD,45.54,Pascaline LÉCORCHÉ / NFP / Place publique,NFP,26.9,Sabrina AGRESTI-ROUBACHE / ENS / Renaissance,ENS,23.61,18.64
Bouches-du-Rhône – 2,013-02,True,<5,Olivier RIOULT / EXD / Rassemblement national,EXD,32.06,Laurent LHARDIT / NFP / Parti socialiste,NFP,28.49,Claire PITOLLAT / ENS / Renaissance,ENS,27.01,3.570000000000004
Bouches-du-Rhône – 3,013-03,True,,Gisèle LELOUIS / EXD / Rassemblement national,EXD,42.75,Amine KESSACI / NFP / Les Écologistes,NFP,35.68,,,,7.07
Bouches-du-Rhône – 4,013-04,False,,Manuel BOMPARD / NFP / La France insoumise,NFP,67.49,,,,,,,
Bouches-du-Rhône – 5,013-05,True,<2,Franck LIQUORI / EXD / Rassemblement national,EXD,25.77,Hendrik DAVI / Parti communiste français,,24.44,Allan POPELARD / NFP / La France insoumise,NFP,23.32,1.3299999999999983
Bouches-du-Rhône – 6,013-06,True,,Olivier FAYSSAT / EXD / À droite ! Les amis d’Éric Ciotti,EXD,38.27,Christine JUSTE / NFP / Les Écologistes,NFP,28.22,Lionel ROYER-PERREAUT / ENS / Renaissance,ENS,25.13,10.050000000000004
Bouches-du-Rhône – 7,013-07,False,,Sébastien DELOGU / NFP / La France insoumise,NFP,59.67,,,,,,,
Bouches-du-Rhône – 8,013-08,True,,Romain TONUSSI / EXD / Rassemblement national,EXD,44.63,Jean-Marc ZULESI / ENS / Renaissance,ENS,26.73,Alexandre BEDDOCK / NFP / La France insoumise,NFP,20.07,17.900000000000002
Bouches-du-Rhône – 9,013-09,True,,Joëlle MÉLIN / EXD / Rassemblement national,EXD,45.2,Bernard OUGOURLOU-OGLOU / NFP / Parti socialiste,NFP,23.76,,,,21.44
Bouches-du-Rhône – 10,013-10,True,,José GONZALEZ / EXD / Rassemblement national,EXD,48.83,Véronique BOURCET-GINER / ENS / Modem,ENS,21.54,Jimmy BESSAIH / NFP / La France insoumise,NFP,20.8,27.29
Bouches-du-Rhône – 11,013-11,True,,Hervé FABRE-AUBRESPY / EXD / Rassemblement national,EXD,38.87,Marc PENA / NFP / Parti socialiste,NFP,27.54,Mohamed LAQHILA / ENS / Modem,ENS,26.28,11.329999999999998
Bouches-du-Rhône – 12,013-12,False,,Franck ALLISIO / EXD / Rassemblement national,EXD,54.07,,,,,,,
Bouches-du-Rhône – 13,013-13,True,,Emmanuel FOUQUART / EXD / Rassemblement national,EXD,47.53,Pierre DHARRÉVILLE / NFP / Parti communiste français,NFP,36.02,,,,11.509999999999998
Bouches-du-Rhône – 14,013-14,True,<5,Gérault VERNY / EXD / À droite ! Les amis d’Éric Ciotti,EXD,31.65,Jean-David CIOT / NFP / Parti socialiste,NFP,29.48,Anne-Laurence PETEL / ENS / Renaissance,ENS,28.91,2.169999999999998
Bouches-du-Rhône – 15,013-15,True,,Romain BAUBRY / EXD / Rassemblement national,EXD,49.48,Wassila AÏDAROUS / NFP / La France insoumise,NFP,20.21,,,,29.269999999999996
Bouches-du-Rhône – 16,013-16,True,,Emmanuel TACHE DE LA PAGERIE / EXD / Rassemblement national,EXD,47.12,Nicolas KOUKAS / NFP / Parti communiste français,NFP,29.92,,,,17.199999999999996
Calvados – 1,014-01,True,,Joël BRUNEAU / Divers droite,,43.11,Emma FOURREAU / NFP / La France insoumise,NFP,34.82,Ludivine DAOUDI / EXD / Rassemblement national,EXD,19.95,8.29
Calvados – 2,014-02,True,,Arthur DELAPORTE / NFP / Parti socialiste,NFP,42.34,Josseline LIBAN / EXD / Rassemblement national,EXD,25.84,,,,16.500000000000004
Calvados – 3,014-03,True,<5,Edouard FAUVAGE / EXD / Rassemblement national,EXD,41.09,Jérémie PATRIER-LEITUS / ENS / Horizons,ENS,36.46,,,,4.630000000000003
Calvados – 4,014-04,True,<1,Chantal HENRY / EXD / Rassemblement national,EXD,33.65,Christophe BLANCHET / ENS / Modem,ENS,32.8,Pierre MOURARET / NFP / Parti communiste français,NFP,19.78,0.8500000000000014
Calvados – 5,014-05,True,,Philippe CHAPRON / EXD / Rassemblement national,EXD,31.86,Bertrand BOUYX / ENS / Horizons,ENS,24.59,Thomas DUPONT-FEDERICI / NFP / Les Écologistes,NFP,24.46,7.27
Calvados – 6,014-06,True,,Nicolas CALBRIX / EXD / Rassemblement national,EXD,36.26,Elisabeth BORNE / ENS / Renaissance,ENS,28.93,Noé GAUCHARD / NFP / La France insoumise,NFP,23.16,7.329999999999998
Cantal – 1,015-01,True,,Vincent DESCOEUR / Divers droite,,37.66,Dorothée GALLAIS / EXD / Rassemblement national,EXD,30.29,Valérie RUEDA / NFP / Parti socialiste,NFP,22.43,7.369999999999997
Cantal – 2,015-02,True,<2,Jean Yves BONY / Divers droite,,34.29,Gilles LACROIX / EXD / Rassemblement national,EXD,33.02,,,,1.269999999999996
Charente – 1,016-01,True,<5,René PILATO / NFP / La France insoumise,NFP,32.8,Thomas MESNIER / ENS / Horizons,ENS,30.3,Marion LATUS / EXD / Rassemblement national,EXD,30.26,2.4999999999999964
Charente – 2,016-02,True,,Barthélemy MARTIN / EXD / À droite ! Les amis d’Éric Ciotti,EXD,38.91,Sandra MARSAUD / ENS / Renaissance,ENS,27.39,Carole BALLU / NFP / La France insoumise,NFP,20.34,11.519999999999996
Charente – 3,016-03,True,,Caroline COLOMBIER / EXD / Rassemblement national,EXD,42.95,Virginie LEBRAUD / NFP / Parti socialiste,NFP,25.88,Gwenhaël FRANÇOIS / ENS / Modem,ENS,24.52,17.070000000000004
Charente-Maritime – 1,017-01,True,,Olivier FALORNI / Parti radical de gauche,,45.64,Jean-Marc SOUBESTE / NFP / Les Écologistes,NFP,29.64,Emma CHAUVEAU / EXD / Rassemblement national,EXD,22.65,16.0
Charente-Maritime – 2,017-02,True,,Karen BERTHOLOM / EXD / Rassemblement national,EXD,34.41,Benoît BITEAU / NFP / Les Écologistes,NFP,26.94,Anne-Laure BABAULT / ENS / Modem,ENS,25.33,7.469999999999995
Charente-Maritime – 3,017-03,True,,Stéphane MORIN / EXD / Rassemblement national,EXD,40.85,Fabrice BARUSSEAU / NFP / Parti socialiste,NFP,28.07,Jean-Philippe ARDOUIN / ENS / Renaissance,ENS,27.88,12.780000000000001
Charente-Maritime – 4,017-04,True,,Pascal MARKOWSKY / EXD / Rassemblement national,EXD,45.21,Raphaël GERARD / ENS / Renaissance,ENS,27.95,,,,17.26
Charente-Maritime – 5,017-05,True,,Aymeric MONGELOUS / EXD / Rassemblement national,EXD,43.83,Christophe PLASSARD / ENS / Horizons,ENS,32.75,Anne BRACHET / NFP / Parti socialiste,NFP,22.15,11.079999999999998
Cher – 1,018-01,True,,Ugo IANNUZZI / EXD / Rassemblement national,EXD,39.94,François CORMIER-BOULIGEON / ENS / Renaissance,ENS,33.01,Hugo LEFELLE / NFP / Parti socialiste,NFP,25.22,6.93
Cher – 2,018-02,True,,Bastian DUENAS / EXD / Rassemblement national,EXD,40.56,Nicolas SANSU / NFP / Parti communiste français,NFP,29.68,Gabriel BEHAGHEL / ENS / Modem,ENS,20.83,10.880000000000003
Cher – 3,018-03,True,,Pierre GENTILLET / EXD / Rassemblement national,EXD,43.15,Loïc KERVRAN / ENS / Horizons,ENS,31.2,,,,11.95
Corrèze – 1,019-01,True,,François HOLLANDE / NFP / Parti socialiste,NFP,37.63,Maïtey POUGET / EXD / Rassemblement national,EXD,30.89,Francis DUBOIS / LR / Du courage !,LR,28.64,6.740000000000002
Corrèze – 2,019-02,True,<2,Valéry ELOPHE / EXD / Rassemblement national,EXD,36.28,Frédérique MEUNIER / LR / Libres !,LR,35.04,Amandine DEWAELE / NFP / Les Écologistes,NFP,26.63,1.240000000000002
Côte-d’Or – 1,021-01,True,<2,Océane GODARD / NFP / Parti socialiste,NFP,29.16,Didier MARTIN / ENS / Renaissance,ENS,27.48,Cyline HUMBLOT-CORNILLE / EXD / Rassemblement national,EXD,25.77,1.6799999999999997
Côte-d’Or – 2,021-02,True,,Tatiana GUYENOT / EXD / Rassemblement national,EXD,34.64,Catherine HERVIEU / NFP / Les Écologistes,NFP,27.67,Benoît BORDAT / ENS / Renaissance,ENS,24.65,6.969999999999999
Côte-d’Or – 3,021-03,True,,Thierry COUDERT / EXD / À droite ! Les amis d’Éric Ciotti,EXD,35.44,Pierre PRIBETICH / NFP / Parti socialiste,NFP,29.59,Fadila KHATTABI / ENS / Renaissance,ENS,23.81,5.849999999999998
Côte-d’Or – 4,021-04,True,,Sophie DUMONT / EXD / Rassemblement national,EXD,42.24,Hubert BRIGAND / LR / Les Républicains,LR,35.19,Valérie JACQ / NFP / La France insoumise,NFP,20.47,7.050000000000004
Côte-d’Or – 5,021-05,True,,René LIORET / EXD / Rassemblement national,EXD,45.31,Didier PARIS / ENS / Renaissance,ENS,30.98,Jérôme FLACHE / NFP / Parti communiste français,NFP,19.3,14.330000000000002
Côtes-d’Armor – 1,022-01,True,<5,Mickaël COSSON / ENS / Modem,ENS,32.96,Marion GORGIARD / NFP / La France insoumise,NFP,30.38,Françoise BILLAUD / EXD / Rassemblement national,EXD,25.75,2.580000000000002
Côtes-d’Armor – 2,022-02,True,<5,Hervé BERVILLE / ENS / Renaissance,ENS,33.61,Antoine KIEFFER / EXD / Rassemblement national,EXD,30.96,Jérémy DAUPHIN / NFP / Les Écologistes,NFP,25.71,2.6499999999999986
Côtes-d’Armor – 3,022-03,True,<5,Corentin LE FUR / LR / Les Républicains,LR,31.96,Odile DE MELLON / EXD / Rassemblement national,EXD,28.57,Antoine RAVARD / NFP / Parti socialiste,NFP,22.92,3.3900000000000006
Côtes-d’Armor – 4,022-04,True,<5,Noël LUDE / EXD / Rassemblement national,EXD,34.3,Murielle LEPVRAUD / NFP / La France insoumise,NFP,31.03,Cyril JOBIC / ENS / Renaissance,ENS,30.56,3.269999999999996
Côtes-d’Armor – 5,022-05,True,,Eric BOTHOREL / ENS / Renaissance,ENS,37.81,Marielle LEMAITRE / NFP / La France insoumise,NFP,30.6,Jean-Yves LE BOULANGER / EXD / Rassemblement national,EXD,29.08,7.210000000000001
Creuse – 1,023-01,True,,Bartolomé LENOIR / EXD / À droite ! Les amis d’Éric Ciotti,EXD,33.35,Catherine COUTURIER / NFP / La France insoumise,NFP,23.47,Valérie SIMONET / LR / Nouvelle Énergie pour la France,LR,22.12,9.880000000000003
Dordogne – 1,024-01,True,,Nadine LECHON / EXD / Rassemblement national,EXD,38.24,Pascale MARTIN / NFP / La France insoumise,NFP,29.42,Clément TONON / ENS / Horizons,ENS,24.3,8.82
Dordogne – 2,024-02,True,,Serge MULLER / EXD / Rassemblement national,EXD,42.71,Christophe CATHUS / NFP / Parti socialiste,NFP,28.27,Michel DELPON / ENS / Renaissance,ENS,19.58,14.440000000000001
Dordogne – 3,024-03,True,,Florence JOUBERT / EXD / Rassemblement national,EXD,40.13,Christelle DRUILLOLE / NFP / Parti socialiste,NFP,28.58,Jean-Pierre CUBERTAFON / ENS / Modem,ENS,23.33,11.550000000000004
Dordogne – 4,024-04,True,<2,Dominique-Louise MARCHAUDON / EXD / Rassemblement national,EXD,36.01,Sébastien PEYTAVIE / NFP / Génération.s,NFP,34.49,,,,1.519999999999996
Doubs – 1,025-01,True,<2,Laurent CROIZIER / ENS / Modem,ENS,33.52,Séverine VEZIES / NFP / La France insoumise,NFP,31.76,Thomas LUTZ / EXD / Rassemblement national,EXD,31.2,1.7600000000000016
Doubs – 2,025-02,True,<5,Dominique VOYNET / NFP / Les Écologistes,NFP,34.16,Eric FUSIS / EXD / Rassemblement national,EXD,30.12,Benoît VUILLEMIN / ENS / Renaissance,ENS,26.79,4.039999999999996
Doubs – 3,025-03,True,,Matthieu BLOCH / EXD / À droite ! Les amis d’Éric Ciotti,EXD,44.35,Nicolas PACQUOT / ENS / Renaissance,ENS,30.22,Virginie DAYET / NFP / Parti communiste français,NFP,21.56,14.130000000000003
Doubs – 4,025-04,True,,Géraldine GRANGIER / EXD / Rassemblement national,EXD,47.63,Magali DUVERNOIS / NFP / Parti socialiste,NFP,28.26,Philippe GAUTIER / ENS / Horizons,ENS,20.43,19.37
Doubs – 5,025-05,True,<2,Annie GENEVARD / LR / Les Républicains,LR,35.2,Florianne JEANDENAND / EXD / Rassemblement national,EXD,33.73,,,,1.470000000000006
Drôme – 1,026-01,True,<2,Paul CHRISTOPHLE / NFP / Parti socialiste,NFP,32.41,Jean-Paul VALLON / EXD / Rassemblement national,EXD,31.08,,,,1.3299999999999983
Drôme – 2,026-02,True,,Lisette POLLET / EXD / Rassemblement national,EXD,42.85,Karim CHKERI / NFP / La France insoumise,NFP,22.81,Nicolas MICHEL / ENS / Renaissance,ENS,18.94,20.040000000000003
Drôme – 3,026-03,True,,Marie POCHON / NFP / Les Écologistes,NFP,37.96,Adhémar AUTRAND / EXD,EXD,32.26,Lander MARCHIONNI / ENS / Renaissance,ENS,19.09,5.700000000000003
Drôme – 4,026-04,True,,Thibaut MONNIER / EXD / Rassemblement national,EXD,38.37,Isabelle PAGANI / NFP / Parti socialiste,NFP,26.27,Emmanuelle ANTHOINE / LR / Les Républicains,LR,23.98,12.099999999999998
Eure – 1,027-01,True,,Christine LOIR / EXD / Rassemblement national,EXD,46.54,Julien CANIN / ENS / Renaissance,ENS,28.51,Christine LE BONTÉ / NFP / Parti socialiste,NFP,21.58,18.029999999999998
Eure – 2,027-02,True,,Katiana LEVAVASSEUR / EXD / Rassemblement national,EXD,43.6,Timour VEYRI / NFP / Parti socialiste,NFP,21.25,,,,22.35
Eure – 3,027-03,True,,Kévin MAUVIEUX / EXD / Rassemblement national,EXD,48.88,Marie TAMARELLE VERHAEGHE / ENS / Renaissance,ENS,21.35,,,,27.53
Eure – 4,027-04,True,,Patrice PAUPER / EXD / Rassemblement national,EXD,41.64,Philippe BRUN / NFP / Parti socialiste,NFP,34.27,,,,7.369999999999997
Eure – 5,027-05,True,,Timothée HOUSSIN / EXD / Rassemblement national,EXD,45.26,Frédéric DUCHÉ / ENS / Horizons,ENS,24.39,Pierre-Yves JOURDAIN / NFP / Les Écologistes,NFP,21.28,20.869999999999997
Eure-et-Loir – 1,028-01,True,<1,Emma MINOT / EXD / Rassemblement national,EXD,33.66,Guillaume KASBARIAN / ENS / Renaissance,ENS,32.89,Jean-François BRIDET / NFP / Les Écologistes,NFP,24.05,0.769999999999996
Eure-et-Loir – 2,028-02,True,,Olivier DUBOIS / EXD / Rassemblement national,EXD,38.33,Olivier MARLEIX / LR / Les Républicains,LR,25.92,Nadia FAVERIS / NFP / Parti socialiste,NFP,25.59,12.409999999999997
Eure-et-Loir – 3,028-03,True,,Christophe BAY / EXD / Rassemblement national,EXD,42.41,Harold HUWART / ENS / Parti radical,ENS,36.35,,,,6.059999999999995
Eure-et-Loir – 4,028-04,True,<5,Roger PECOUT / EXD / À droite ! Les amis d’Éric Ciotti,EXD,43.15,Philippe VIGIER / ENS / Modem,ENS,39.44,,,,3.710000000000001
Finistère – 1,029-01,True,<0.5,Annaïg LE MEUR / ENS / Renaissance,ENS,33.0,Grégory LEBERT / NFP / Les Écologistes,NFP,32.83,Christel HÉNAFF / EXD / Rassemblement national,EXD,23.67,0.1700000000000017
Finistère – 2,029-02,True,,Pierre-Yves CADALEN / NFP / La France insoumise,NFP,35.28,Denis KERVELLA / EXD / Rassemblement national,EXD,22.58,Jean-Charles LARSONNEUR / Alliance centriste,,18.48,12.700000000000003
Finistère – 3,029-03,True,,Didier LE GAC / ENS / Renaissance,ENS,38.92,Martine DONVAL / EXD / Rassemblement national,EXD,27.74,Pierre SMOLARZ / NFP / La France insoumise,NFP,26.91,11.180000000000003
Finistère – 4,029-04,True,<0.5,Sylvaine VULPIANI / NFP / Génération.s,NFP,30.92,Sandrine LE FEUR / ENS / Renaissance,ENS,30.63,Tony BIHOUEE / EXD / Rassemblement national,EXD,25.86,0.2900000000000027
Finistère – 5,029-05,True,<5,Graziella MELCHIOR / ENS / Renaissance,ENS,30.3,Gladys GRELAUD / NFP / Parti communiste français,NFP,27.22,Renée THOMAÏDIS / EXD / Rassemblement national,EXD,26.53,3.080000000000002
Finistère – 6,029-06,True,,Mélanie THOMIN / NFP / Parti socialiste,NFP,37.88,Patrick LE FUR / EXD / Rassemblement national,EXD,30.21,Erwan CROUAN / ENS / Modem,ENS,27.99,7.670000000000002
Finistère – 7,029-07,True,<0.5,Jugdeep HARVINDER / NFP / La France insoumise,NFP,31.06,Liliana TANGUY / ENS / Renaissance,ENS,30.66,Annick ALANOU / EXD / Rassemblement national,EXD,26.1,0.3999999999999986
Finistère – 8,029-08,True,<5,Christian PEREZ / EXD / Rassemblement national,EXD,30.8,Erwan BALANANT / ENS / Modem,ENS,27.76,Sébastien MIOSSEC / Parti socialiste,,22.17,3.039999999999999
Corse-du-Sud – 1,02A-01,True,<1,Ariane QUARENA / EXD / Rassemblement national,EXD,31.2,Laurent MARCANGELI / ENS / Horizons,ENS,30.7,,,,0.5
Corse-du-Sud – 2,02A-02,True,,François FILONI / EXD / Rassemblement national,EXD,35.1,Paul-André COLOMBANI / Régions et peuples solidaires,,26.45,,,,8.650000000000002
Haute-Corse – 1,02B-01,True,<5,Michel CASTELLANI / Régions et peuples solidaires,,31.74,Jean-Michel MARCHAL / EXD / Rassemblement national,EXD,28.8,,,,2.9399999999999977
Haute-Corse – 2,02B-02,True,,François-Xavier CECCOLI / Divers droite,,34.05,Jean-Félix ACQUAVIVA / Régions et peuples solidaires,,28.63,Sylvie JOUART / EXD / Rassemblement national,EXD,25.42,5.419999999999998
Gard – 1,030-01,True,,Yoann GILLET / EXD / Rassemblement national,EXD,43.91,Charles MENARD / NFP / La France insoumise,NFP,29.54,Valérie ROUVERAND / ENS / Renaissance,ENS,20.1,14.369999999999997
Gard – 2,030-02,False,,Nicolas MEIZONNET / EXD / Rassemblement national,EXD,52.22,,,,,,,
Gard – 3,030-03,True,,Pascale BORDES / EXD / Rassemblement national,EXD,47.48,Sabine OROMI / NFP / Parti communiste français,NFP,22.91,Christian BAUME / ENS / Horizons,ENS,19.21,24.569999999999997
Gard – 4,030-04,True,,Pierre MEURIN / EXD / Rassemblement national,EXD,48.69,Arnaud BORD / NFP / Parti socialiste,NFP,27.38,,,,21.31
Gard – 5,030-05,True,,Alexandre ALLEGRET-PILOT / EXD / À droite ! Les amis d’Éric Ciotti,EXD,41.01,Michel SALA / NFP / La France insoumise,NFP,33.03,,,,7.979999999999997
Gard – 6,030-06,True,,Sylvie JOSSERAND / EXD / Rassemblement national,EXD,42.07,Nicolas CADÈNE / NFP / Les Écologistes,NFP,28.77,Aurélien COLSON / ENS / Modem,ENS,20.73,13.3
Haute-Garonne – 1,031-01,True,,Hadrien CLOUET / NFP / La France insoumise,NFP,45.52,Elodie HOBET / ENS / Renaissance,ENS,27.1,Lola CHAMBELIN / EXD / Rassemblement national,EXD,21.32,18.42
Haute-Garonne – 2,031-02,True,,Anne STAMBACH-TERRENOIR / NFP / La France insoumise,NFP,40.53,Jean-Luc LAGLEIZE / ENS / Modem,ENS,27.91,Frank KHALIFA / EXD / Rassemblement national,EXD,26.41,12.620000000000001
Haute-Garonne – 3,031-03,True,<2,Agathe ROBY / NFP / La France insoumise,NFP,34.58,Corinne VIGNON / ENS / Renaissance,ENS,33.2,Stéphanie ALARCON / EXD / Rassemblement national,EXD,21.38,1.3799999999999955
Haute-Garonne – 4,031-04,False,,François PIQUEMAL / NFP / La France insoumise,NFP,53.39,,,,,,,
Haute-Garonne – 5,031-05,True,,Julien LEONARDELLI / EXD / Rassemblement national,EXD,39.52,Jean-François PORTARRIEU / ENS / Horizons,ENS,29.43,Sylvie ESPAGNOLLE / NFP / La France insoumise,NFP,27.66,10.090000000000003
Haute-Garonne – 6,031-06,True,<5,Arnaud SIMION / NFP / Parti socialiste,NFP,34.03,Nadine DEMANGE-FIERLEJ / EXD / Rassemblement national,EXD,30.92,Monique IBORRA / ENS / Renaissance,ENS,29.6,3.1099999999999994
Haute-Garonne – 7,031-07,True,,Gaëtan INARD / EXD / À droite ! Les amis d’Éric Ciotti,EXD,40.37,Christophe BEX / NFP / La France insoumise,NFP,33.17,Elisabeth TOUTUT-PICARD / ENS / Renaissance,ENS,24.81,7.199999999999996
Haute-Garonne – 8,031-08,True,<5,Loïc DELCHARD / EXD / Rassemblement national,EXD,40.54,Joël AVIRAGNET / NFP / Parti socialiste,NFP,36.9,,,,3.6400000000000006
Haute-Garonne – 9,031-09,True,,Christine ARRIGHI / NFP / Les Écologistes,NFP,47.53,Caroline BEOUT / EXD / Rassemblement national,EXD,24.89,Florian DELRIEU / ENS / Renaissance,ENS,22.36,22.64
Haute-Garonne – 10,031-10,True,,Jacques OBERTI / NFP / Parti socialiste,NFP,36.24,Caroline FALGAS-COLOMINA / EXD / Rassemblement national,EXD,30.37,Dominique FAURE / ENS / Parti radical,ENS,28.99,5.870000000000001
Gers – 1,032-01,True,<5,Jean-Luc YELMA / EXD / Rassemblement national,EXD,35.71,Jean-René CAZENEUVE / ENS / Renaissance,ENS,30.9,Pascal LEVIEUX / NFP / La France insoumise,NFP,27.17,4.810000000000002
Gers – 2,032-02,True,,David TAUPIAC / Parti socialiste,,45.8,Alice CENDRÉ / EXD / Rassemblement national,EXD,35.49,,,,10.309999999999995
Gironde – 1,033-01,True,<5,Thomas CAZENAVE / ENS / Renaissance,ENS,38.31,Céline PAPIN / NFP / Les Écologistes,NFP,34.23,Bruno PALUTEAU / EXD / Rassemblement national,EXD,21.0,4.080000000000005
Gironde – 2,033-02,True,,Nicolas THIERRY / NFP / Les Écologistes,NFP,49.45,Véronique JURAMY / ENS / Renaissance,ENS,29.08,,,,20.370000000000005
Gironde – 3,033-03,True,,Loïc PRUD'HOMME / NFP / La France insoumise,NFP,49.83,Ariane ARY / ENS / Modem,ENS,27.75,Maryvonne BASTERES / EXD / Rassemblement national,EXD,19.56,22.08
Gironde – 4,033-04,True,,Alain DAVID / NFP / Parti socialiste,NFP,42.36,Julie RECHAGNEUX / EXD / Rassemblement national,EXD,32.37,,,,9.990000000000002
Gironde – 5,033-05,True,,Grégoire DE FOURNAS / EXD / Rassemblement national,EXD,42.32,Pascale GOT / NFP / Parti socialiste,NFP,31.79,Stéphane SENCE / ENS / Horizons,ENS,18.59,10.530000000000001
Gironde – 6,033-06,True,<5,Marie RECALDE / NFP / Parti socialiste,NFP,35.24,Eric POULLIAT / ENS / Renaissance,ENS,32.78,Jimmy BOURLIEUX / EXD / Rassemblement national,EXD,27.07,2.460000000000001
Gironde – 7,033-07,True,,Sébastien SAINT-PASTEUR / NFP / Parti socialiste,NFP,38.5,Bérangère COUILLARD / ENS / Renaissance,ENS,33.12,Clémence NAVEYS--DUMAS / EXD / Rassemblement national,EXD,22.43,5.380000000000003
Gironde – 8,033-08,True,,Laurent LAMARA / EXD / Rassemblement national,EXD,36.86,Sophie PANONACLE / ENS / Renaissance,ENS,31.71,Marylène FAURE / NFP / Parti communiste français,NFP,18.7,5.149999999999999
Gironde – 9,033-09,True,,François-Xavier MARQUES / EXD / Rassemblement national,EXD,38.54,Sophie METTE / ENS / Modem,ENS,30.03,Corinne MARTINEZ / NFP / Parti socialiste,NFP,27.89,8.509999999999998
Gironde – 10,033-10,True,,Sandrine CHADOURNE / EXD / Rassemblement national,EXD,43.8,Florent BOUDIÉ / ENS / Renaissance,ENS,29.96,Pascal BOURGOIS / NFP / Les Écologistes,NFP,24.29,13.839999999999996
Gironde – 11,033-11,False,,Edwige DIAZ / EXD / Rassemblement national,EXD,53.33,,,,,,,
Gironde – 12,033-12,True,,Rémy BERTHONNEAU / EXD / Rassemblement national,EXD,38.41,Mathilde FELD / NFP / La France insoumise,NFP,28.85,Pascal LAVERGNE / ENS / Renaissance,ENS,27.62,9.559999999999995
Hérault – 1,034-01,True,<0.5,Josyan OLIVA / EXD / À droite ! Les amis d’Éric Ciotti,EXD,34.11,Jean-Louis ROUMEGAS / NFP / Les Écologistes,NFP,34.04,Patricia MIRALLES / ENS / Renaissance,ENS,22.54,0.07000000000000028
Hérault – 2,034-02,False,,Nathalie OZIOL / NFP / La France insoumise,NFP,58.22,,,,,,,
Hérault – 3,034-03,True,<2,Fanny DOMBRE-COSTE / NFP / Parti socialiste,NFP,33.9,Lauriane TROISE / EXD / Rassemblement national,EXD,32.28,Laurence CRISTOL / ENS / Renaissance,ENS,29.1,1.6199999999999974
Hérault – 4,034-04,True,,Manon BOUQUIN / EXD / Rassemblement national,EXD,41.26,Sébastien ROME / NFP / La France insoumise,NFP,33.0,Jean-François ELIAOU / ENS / Horizons,ENS,22.56,8.259999999999998
Hérault – 5,034-05,True,,Stéphanie GALZY / EXD / Rassemblement national,EXD,48.88,Aurélien MANENC / NFP / Parti socialiste,NFP,32.27,,,,16.61
Hérault – 6,034-06,True,,Julien GABARRON / EXD / Rassemblement national,EXD,41.05,Emmanuelle MÉNARD / Divers droite,,27.25,Magali CROZIER / NFP / La France insoumise,NFP,21.08,13.799999999999997
Hérault – 7,034-07,False,,Aurélien LOPEZ-LIGUORI / EXD / Rassemblement national,EXD,51.66,,,,,,,
Hérault – 8,034-08,True,,Cédric DELAPIERRE / EXD / Rassemblement national,EXD,40.12,Sylvain CARRIERE / NFP / La France insoumise,NFP,32.71,,,,7.409999999999997
Hérault – 9,034-09,True,,Charles ALLONCLE / EXD / À droite ! Les amis d’Éric Ciotti,EXD,36.43,Nadia BELAOUNI / NFP / La France insoumise,NFP,29.27,Patrick VIGNAL / ENS / Renaissance,ENS,25.0,7.16
Ille-et-Vilaine – 1,035-01,True,,Marie MESMEUR / NFP / La France insoumise,NFP,42.31,Nicolas BOUCHER / ENS / Modem,ENS,31.88,Jeanne REY DU BOISSIEU / EXD / Rassemblement national,EXD,17.65,10.430000000000003
Ille-et-Vilaine – 2,035-02,True,,Tristan LAHAIS / NFP / Génération.s,NFP,40.31,Laurence MAILLART-MÉHAIGNERIE / ENS / Renaissance,ENS,34.24,Bérénice VANHAECKE / EXD / Rassemblement national,EXD,17.43,6.07
Ille-et-Vilaine – 3,035-03,True,,Claudia ROUAUX / NFP / Parti socialiste,NFP,36.77,Charlotte FAILLÉ / ENS / Horizons,ENS,29.71,Virginie D'ORSANNE / EXD / Rassemblement national,EXD,28.12,7.060000000000002
Ille-et-Vilaine – 4,035-04,True,<0.5,Jacques FRANÇOIS / EXD / Rassemblement national,EXD,32.3,Mathilde HIGNET / NFP / La France insoumise,NFP,32.1,Anne PATAULT / ENS / Renaissance,ENS,24.06,0.19999999999999574
Ille-et-Vilaine – 5,035-05,True,,Christine LE NABOUR / ENS / Renaissance,ENS,42.42,Françoise GILOIS / EXD / Rassemblement national,EXD,29.82,Gilles RENAULT / NFP / La France insoumise,NFP,25.85,12.600000000000001
Ille-et-Vilaine – 6,035-06,True,,Thierry BENOIT / ENS / Horizons,ENS,41.81,Tangi MARION / EXD / Rassemblement national,EXD,30.94,Elsa LAFAYE / NFP / Parti communiste français,NFP,25.13,10.870000000000001
Ille-et-Vilaine – 7,035-07,True,,Jean-Luc BOURGEAUX / Divers droite,,43.33,Dylan LEMOINE / EXD / Rassemblement national,EXD,28.2,Nicolas GUIVARC'H / NFP / La France insoumise,NFP,22.23,15.129999999999999
Ille-et-Vilaine – 8,035-08,False,,Mickaël BOULOUX / NFP / Parti socialiste,NFP,52.84,,,,,,,
Indre – 1,036-01,True,,Mylène WUNSCH / EXD / Rassemblement national,EXD,40.2,François JOLIVET / ENS / Horizons,ENS,35.12,Eloïse GONZALEZ / NFP / La France insoumise,NFP,21.69,5.080000000000005
Indre – 2,036-02,True,,Marc SIFFERT / EXD / À droite ! Les amis d’Éric Ciotti,EXD,41.71,Nicolas FORISSIER / LR / Les Républicains,LR,31.82,Clément SAPIN / NFP / Parti socialiste,NFP,23.46,9.89
Indre-et-Loire – 1,037-01,True,,Charles FOURNIER / NFP / Les Écologistes,NFP,45.32,Benoist PIERRE / ENS / Renaissance,ENS,24.17,,,,21.15
Indre-et-Loire – 2,037-02,True,<5,Corine FOUGERON / EXD / Rassemblement national,EXD,35.08,Daniel LABARONNE / ENS / Renaissance,ENS,32.58,Christelle GOBERT / NFP / La France insoumise,NFP,23.33,2.5
Indre-et-Loire – 3,037-03,True,<1,Henri ALFANDARI / ENS / Horizons,ENS,32.87,Jules ROBIN / EXD / À droite ! Les amis d’Éric Ciotti,EXD,32.21,Sandra BARBIER / NFP / La France insoumise,NFP,25.56,0.6599999999999966
Indre-et-Loire – 4,037-04,True,<5,Jean-François BELLANGER / EXD / Rassemblement national,EXD,32.89,Laurent BAUMEL / NFP / Parti socialiste,NFP,29.73,Fabienne COLBOC / ENS / Renaissance,ENS,27.65,3.16
Indre-et-Loire – 5,037-05,True,,François DUCAMP / EXD / Rassemblement national,EXD,35.25,Sabine THILLAYE / ENS / Modem,ENS,26.75,Marina COCCIA / NFP / Parti communiste français,NFP,24.13,8.5
Isère – 1,038-01,True,,Hugo PREVOST / NFP / La France insoumise,NFP,40.19,Olivier VÉRAN / ENS / Renaissance,ENS,33.62,Alexandre LACROIX / EXD / À droite ! Les amis d’Éric Ciotti,EXD,18.34,6.57
Isère – 2,038-02,True,,Cyrielle CHATELAIN / NFP / Les Écologistes,NFP,42.17,Edouard ROBERT / EXD / Rassemblement national,EXD,30.5,Louve CARRIÈRE / ENS / Renaissance,ENS,19.23,11.670000000000002
Isère – 3,038-03,True,,Élisa MARTIN / NFP / La France insoumise,NFP,42.84,Christel DUPRÉ / EXD / Rassemblement national,EXD,22.74,Émilie CHALAS / ENS / Renaissance,ENS,20.01,20.100000000000005
Isère – 4,038-04,True,,Marie-Noëlle BATTISTEL / NFP / Parti socialiste,NFP,42.52,Anne-Marie MALANDRINO / EXD / À droite ! Les amis d’Éric Ciotti,EXD,32.12,,,,10.400000000000006
Isère – 5,038-05,True,,Jérémie IORDANOFF / NFP / Les Écologistes,NFP,36.42,Frédérique SCHREIBER / EXD / Rassemblement national,EXD,30.8,Jean-Charles COLAS-ROY / ENS / Renaissance,ENS,20.53,5.620000000000001
Isère – 6,038-06,True,,Alexis JOLLY / EXD / Rassemblement national,EXD,47.55,Yaqine DI SPIGNO / NFP / La France insoumise,NFP,20.85,,,,26.699999999999996
Isère – 7,038-07,True,,Benoît AUGUSTE / EXD / Rassemblement national,EXD,42.1,Yannick NEUDER / LR / Les Républicains,LR,27.56,Dominique DICHARD / NFP / Parti communiste français,NFP,19.81,14.540000000000003
Isère – 8,038-08,True,,Hanane MANSOURI / EXD / À droite ! Les amis d’Éric Ciotti,EXD,39.92,Cécile MICHEL / NFP / Les Écologistes,NFP,24.5,Caroline ABADIE / ENS / Renaissance,ENS,20.49,15.420000000000002
Isère – 9,038-09,True,,Cécile BENE / EXD / Rassemblement national,EXD,34.04,Sandrine NOSBÉ / NFP / La France insoumise,NFP,27.99,Élodie JACQUIER-LAFORGE / ENS / Modem,ENS,27.26,6.050000000000001
Isère – 10,038-10,True,,Thierry PEREZ / EXD / Rassemblement national,EXD,42.83,Joëlle RICHOL / NFP / La France insoumise,NFP,25.43,Marjolaine MEYNIER-MILLEFERT / ENS / Renaissance,ENS,22.19,17.4
Jura – 1,039-01,True,<5,Valérie GRABY / EXD / Rassemblement national,EXD,39.03,Danielle BRULEBOIS / ENS / Renaissance,ENS,36.16,Anthony BRONDEL / NFP / La France insoumise,NFP,23.06,2.8700000000000045
Jura – 2,039-02,True,,Marie-Christine DALLOZ / LR / Les Républicains,LR,38.59,Thierry MOSCA / EXD / Rassemblement national,EXD,32.76,Evelyne TERNANT / NFP / Parti communiste français,NFP,24.75,5.830000000000005
Jura – 3,039-03,True,,Aurore VUILLEMIN-PLANCON / EXD / Rassemblement national,EXD,39.73,Justine GRUET / LR,LR,34.34,Hervé PRAT / NFP / Les Écologistes,NFP,24.29,5.3899999999999935
Landes – 1,040-01,True,,Veronique FOSSEY / EXD / Rassemblement national,EXD,37.23,Geneviève DARRIEUSSECQ / ENS / Modem,ENS,28.25,Marie-Laure LAFARGUE / NFP / Parti socialiste,NFP,27.08,8.979999999999997
Landes – 2,040-02,True,<5,Ludovic BIESBROUCK / EXD / Rassemblement national,EXD,32.6,Lionel CAUSSE / ENS / Renaissance,ENS,30.05,Jean-Marc LESPADE / NFP / Parti communiste français,NFP,28.43,2.5500000000000007
Landes – 3,040-03,True,<2,Boris VALLAUD / NFP / Parti socialiste,NFP,37.1,Sylvie FRANCESCHINI / EXD / Rassemblement national,EXD,35.59,,,,1.509999999999998
Loir-et-Cher – 1,041-01,True,<1,Marine BARDET / EXD / Rassemblement national,EXD,35.22,Marc FESNEAU / ENS / Modem,ENS,34.56,,,,0.6599999999999966
Loir-et-Cher – 2,041-02,True,,Roger CHUDEAU / EXD / Rassemblement national,EXD,49.72,Nils AUCANTE / Divers droite,,20.07,,,,29.65
Loir-et-Cher – 3,041-03,True,<5,Virginia DE OLIVEIRA / EXD / Rassemblement national,EXD,41.06,Christophe MARION / ENS / Renaissance,ENS,36.25,Noé PETIT / NFP / Les Écologistes,NFP,19.55,4.810000000000002
Loire – 1,042-01,True,,Pierrick COURBON / NFP / Parti socialiste,NFP,40.34,Marie SIMON / EXD / Rassemblement national,EXD,31.97,Quentin BATAILLON / ENS / Renaissance,ENS,23.72,8.370000000000005
Loire – 2,042-02,True,,Andrée TAURINYA / NFP / La France insoumise,NFP,43.09,Hervé BREUIL / EXD / Rassemblement national,EXD,27.13,"Eric LE JAOUEN / Union de la droite, du centre et des indépendants",,23.08,15.960000000000004
Loire – 3,042-03,True,,Angelina LA MARCA / EXD / Rassemblement national,EXD,40.89,Emmanuel MANDON / ENS / Modem,ENS,29.11,Vincent BONY / NFP / Parti communiste français,NFP,27.34,11.780000000000001
Loire – 4,042-04,True,,Gerbert RAMBAUD / EXD / Debout la France,EXD,40.8,Sylvie BONNET / LR / Les Républicains,LR,30.72,Bernard PAEMELAERE / NFP / La France insoumise,NFP,26.54,10.079999999999998
Loire – 5,042-05,True,,Antoine VERMOREL-MARQUES / LR / Les Républicains,LR,41.99,Sandrine GRANGER / EXD / Rassemblement national,EXD,36.09,Ismaël STEVENSON / NFP / La France insoumise,NFP,18.35,5.899999999999999
Loire – 6,042-06,True,,Grégoire GRANGER / EXD / Rassemblement national,EXD,39.71,Jean-Pierre TAITE / LR / Les Républicains,LR,27.81,,,,11.900000000000002
Haute-Loire – 1,043-01,True,<5,Laurent WAUQUIEZ / LR / Les Républicains,LR,36.8,Alexandre HEUZEY / EXD / Rassemblement national,EXD,34.18,Celline GACON / NFP / Les Écologistes,NFP,18.66,2.6199999999999974
Haute-Loire – 2,043-02,True,,Jean-Pierre VIGIER / LR / Les Républicains,LR,38.69,Suzanne Maryse Denise FOURETS / EXD / Rassemblement national,EXD,32.08,Andre Antoine Célestin CHAPAVEIRE / NFP / Parti socialiste,NFP,19.55,6.609999999999999
Loire-Atlantique – 1,044-01,True,,Karim BENBRAHIM / NFP / Parti socialiste,NFP,43.2,Mounir BELHAMITI / ENS / Renaissance,ENS,37.39,Bryan PECQUEUR / EXD / Rassemblement national,EXD,18.13,5.810000000000002
Loire-Atlantique – 2,044-02,False,,Andy KERBRAT / NFP / La France insoumise,NFP,51.67,,,,,,,
Loire-Atlantique – 3,044-03,True,,Ségolène AMIOT / NFP / La France insoumise,NFP,44.55,Matthieu ANNEREAU / ENS / Renaissance,ENS,24.57,Laurie ARC / EXD / Rassemblement national,EXD,20.43,19.979999999999997
Loire-Atlantique – 4,044-04,True,,Julie LAERNOES / NFP / Les Écologistes,NFP,46.83,Aude AMADOU / ENS / Renaissance,ENS,22.66,Gaëlle PINEAU / EXD / Rassemblement national,EXD,20.06,24.169999999999998
Loire-Atlantique – 5,044-05,True,<2,Fabrice ROUSSEL / NFP / Parti socialiste,NFP,37.73,Sarah EL HAÏRY / ENS / Modem,ENS,36.17,Bruno COMBY / EXD / À droite ! Les amis d’Éric Ciotti,EXD,24.73,1.5599999999999952
Loire-Atlantique – 6,044-06,True,<2,Jean-Claude RAUX / NFP / Les Écologistes,NFP,34.16,Julio PICHON / EXD / Rassemblement national,EXD,32.85,Alain HUNAULT / Divers droite,,29.18,1.3099999999999952
Loire-Atlantique – 7,044-07,True,<0.5,Sandrine JOSSO / ENS / Modem,ENS,28.49,Michel HUNAULT / EXD / À droite ! Les amis d’Éric Ciotti,EXD,28.15,Véronique MAHÉ / NFP / Parti communiste français,NFP,24.11,0.33999999999999986
Loire-Atlantique – 8,044-08,True,<5,Matthias TAVEL / NFP / La France insoumise,NFP,30.99,Gauthier BOUCHET / EXD / Rassemblement national,EXD,28.87,Audrey DUFEU / ENS / Renaissance,ENS,20.28,2.1199999999999974
Loire-Atlantique – 9,044-09,True,<0.5,Jean-Michel BRARD / Divers droite,,32.63,Bastian MALDINEY / EXD / Rassemblement national,EXD,32.51,Hélène MACON / NFP / La France insoumise,NFP,26.36,0.12000000000000455
Loire-Atlantique – 10,044-10,True,<5,Sophie ERRANTE / ENS / Renaissance,ENS,30.57,Maxime VIANCIN / NFP / La France insoumise,NFP,27.8,Stéphanie COTREL / EXD / Rassemblement national,EXD,26.16,2.7699999999999996
Loiret – 1,045-01,True,<0.5,Stéphanie RIST / ENS / Renaissance,ENS,31.6,Ghislaine KOUNOWSKI / NFP / Parti socialiste,NFP,31.47,Tiffanie RABAULT / EXD / Rassemblement national,EXD,28.03,0.13000000000000256
Loiret – 2,045-02,True,<5,Elodie BABIN / EXD / Rassemblement national,EXD,32.91,Emmanuel DUPLESSY / NFP / Génération.s,NFP,28.03,Caroline JANVIER / ENS / Renaissance,ENS,23.03,4.8799999999999955
Loiret – 3,045-03,True,,Mathilde PARIS / EXD / Rassemblement national,EXD,45.53,"Constance DE PÉLICHY / Union de la droite, du centre et des indépendants",,32.04,Clément VERDE / NFP / La France insoumise,NFP,19.36,13.490000000000002
Loiret – 4,045-04,True,,Thomas MÉNAGÉ / EXD / Rassemblement national,EXD,49.65,Bruno NOTTIN / NFP / Parti communiste français,NFP,21.14,,,,28.509999999999998
Loiret – 5,045-05,True,,Jean-Lin LACAPELLE / EXD / Rassemblement national,EXD,43.37,Anthony BROSSE / ENS / Renaissance,ENS,22.01,Anne-Laure BOUTET / NFP / La France insoumise,NFP,19.77,21.359999999999996
Loiret – 6,045-06,True,<2,Anthony ZELLER / EXD / Rassemblement national,EXD,31.81,Richard RAMOS / ENS / Modem,ENS,30.6,Christophe LAVIALLE / NFP / Parti socialiste,NFP,29.7,1.2099999999999973
Lot – 1,046-01,True,,Aurélien PRADIÉ / LR / Du courage !,LR,42.25,Elsa BOUGEARD / NFP / La France insoumise,NFP,24.33,Slavka MIHAYLOVA / EXD / Rassemblement national,EXD,23.06,17.92
Lot – 2,046-02,True,,Christophe PROENÇA / NFP / Parti socialiste,NFP,38.22,Gérard Raymond BLANCHET / EXD / Rassemblement national,EXD,30.38,Huguette TIEGNA / ENS / Renaissance,ENS,26.96,7.84
Lot-et-Garonne – 1,047-01,True,,Sébastien DELBOSQ / EXD / Rassemblement national,EXD,43.11,Michel LAUZZANA / ENS / Renaissance,ENS,28.41,Paul VO VAN / NFP / Les Écologistes,NFP,25.63,14.7
Lot-et-Garonne – 2,047-02,True,,Hélène LAPORTE / EXD / Rassemblement national,EXD,49.31,Christophe COURREGELONGUE / NFP / Parti socialiste,NFP,26.89,Jean-Marie LENZI / ENS / Renaissance,ENS,21.99,22.42
Lot-et-Garonne – 3,047-03,True,,Annick COUSIN / EXD / Rassemblement national,EXD,41.08,Guillaume LEPERS / LR / Du courage !,LR,24.99,,,,16.09
Lozère – 1,048-01,True,<2,Sophie PANTEL / NFP / Parti socialiste,NFP,35.17,Luc-Etienne GOUSSEAU / EXD / Rassemblement national,EXD,33.91,Pierre MOREL A L'HUISSIER / Alliance centriste,,24.04,1.2600000000000051
Maine-et-Loire – 1,049-01,True,<2,François GERNIGON / ENS / Horizons,ENS,34.83,Elsa RICHARD / NFP / Les Écologistes,NFP,33.82,Hugo LOUVIGNE / EXD / Rassemblement national,EXD,23.12,1.009999999999998
Maine-et-Loire – 2,049-02,True,<5,Stella DUPONT / ENS / Renaissance,ENS,33.1,Léo METAYER / NFP / La France insoumise,NFP,28.32,Thomas BRISSEAU / EXD / Rassemblement national,EXD,24.25,4.780000000000001
Maine-et-Loire – 3,049-03,True,,Edouard BOURGEAULT / EXD / Rassemblement national,EXD,37.84,Anne-Laure BLIN / LR / Les Républicains,LR,23.87,Patrick ALEXANDRE / NFP / La France insoumise,NFP,19.92,13.970000000000002
Maine-et-Loire – 4,049-04,True,<0.5,Aurore LAHONDÈS / EXD / Rassemblement national,EXD,34.9,Laëtitia SAINT-PAUL / ENS / Renaissance,ENS,34.87,Charlyne BOUVET / NFP / Parti communiste français,NFP,20.59,0.030000000000001137
Maine-et-Loire – 5,049-05,True,<5,Denis MASSEGLIA / ENS / Renaissance,ENS,33.7,Gilles BOURDOULEIX / EXD / À droite ! Les amis d’Éric Ciotti,EXD,30.54,France MOREAU / NFP / La France insoumise,NFP,21.33,3.1600000000000037
Maine-et-Loire – 6,049-06,True,,Nicole DUBRE CHIRAT / ENS / Renaissance,ENS,35.28,Tim PAVAGEAU / EXD / Rassemblement national,EXD,28.82,Sylvie GABIN / NFP / La France insoumise,NFP,24.79,6.460000000000001
Maine-et-Loire – 7,049-07,True,<5,Philippe BOLO / ENS / Modem,ENS,33.86,Guillaume JOUANNEAU / NFP / Parti socialiste,NFP,29.07,Clémence LASCAUD / EXD / Rassemblement national,EXD,27.38,4.789999999999999
Manche – 1,050-01,True,,Philippe GOSSELIN / LR / Les Républicains,LR,38.3,Franck SIMON / EXD / Rassemblement national,EXD,32.89,,,,5.409999999999997
Manche – 2,050-02,True,,Bertrand SORRE / ENS / Renaissance,ENS,39.91,Marie-Françoise KURDZIEL / EXD / Rassemblement national,EXD,31.84,,,,8.069999999999997
Manche – 3,050-03,True,<1,Pierre GIRY / EXD / À droite ! Les amis d’Éric Ciotti,EXD,33.89,Stéphane TRAVERT / ENS / Renaissance,ENS,33.24,Gaëlle VEROVE / NFP / Parti communiste français,NFP,20.01,0.6499999999999986
Manche – 4,050-04,True,<5,Anna PIC / NFP / Parti socialiste,NFP,34.23,Nicolas CONQUER / EXD / À droite ! Les amis d’Éric Ciotti,EXD,30.01,,,,4.219999999999995
Marne – 1,051-01,True,<5,Adrien MEXIS / EXD,EXD,37.3,Xavier ALBERTINI / ENS / Horizons,ENS,33.84,Evelyne BOURGOIN / NFP / Les Écologistes,NFP,27.05,3.4599999999999937
Marne – 2,051-02,True,,Anne-Sophie FRIGOUT / EXD / Rassemblement national,EXD,36.34,Laure MILLER / ENS / Renaissance,ENS,30.39,Stéphane PIROUELLE / NFP / La France insoumise,NFP,21.75,5.950000000000003
Marne – 3,051-03,True,,Maxime MICHELET / EXD / À droite ! Les amis d’Éric Ciotti,EXD,43.84,Eric GIRARDIN / ENS / Renaissance,ENS,31.92,,,,11.920000000000002
Marne – 4,051-04,True,,Achille BISIAUX / EXD / Rassemblement national,EXD,42.77,Lise MAGNIER / ENS / Horizons,ENS,30.98,,,,11.790000000000003
Marne – 5,051-05,True,<5,Thierry BESSON / EXD / Rassemblement national,EXD,46.99,Charles DE COURSON / Régions et peuples solidaires,,42.66,,,,4.330000000000005
Haute-Marne – 1,052-01,True,,Christophe BENTZ / EXD / Rassemblement national,EXD,48.83,Bérangère ABBA / ENS / Horizons,ENS,28.05,Benjamin LAMBERT / NFP / Parti socialiste,NFP,20.38,20.779999999999998
Haute-Marne – 2,052-02,False,,Laurence ROBERT-DEHAULT / EXD / Rassemblement national,EXD,56.82,,,,,,,
Mayenne – 1,053-01,True,,Guillaume GAROT / NFP / Parti socialiste,NFP,45.39,Paule VEYRE DE SORAS / EXD / Rassemblement national,EXD,28.59,"Vincent SAULNIER / Union de la droite, du centre et des indépendants",,20.1,16.8
Mayenne – 2,053-02,True,<5,Géraldine BANNIER / ENS / Modem,ENS,35.17,Jean-Michel CADENAS / EXD / Rassemblement national,EXD,31.79,Grégory BOISSEAU / NFP / Les Écologistes,NFP,22.77,3.3800000000000026
Mayenne – 3,053-03,True,,Yannick FAVENNEC / ENS / Horizons,ENS,48.68,Annie BELL / EXD / Rassemblement national,EXD,31.11,Stéphanie LEFOULON / NFP / Parti socialiste,NFP,19.18,17.57
Meurthe-et-Moselle – 1,054-01,True,,Estelle MERCIER / NFP / Parti socialiste,NFP,37.73,Patricia MELET / EXD / Rassemblement national,EXD,26.9,Philippe GUILLEMARD / ENS / Renaissance,ENS,26.38,10.829999999999998
Meurthe-et-Moselle – 2,054-02,True,,Stéphane HABLOT / NFP / Parti socialiste,NFP,39.91,Emmanuel LACRESSE / ENS / Renaissance,ENS,30.74,Geneviève MAILLOT / EXD / Rassemblement national,EXD,22.45,9.169999999999998
Meurthe-et-Moselle – 3,054-03,True,,Frédéric WEBER / EXD / Rassemblement national,EXD,43.46,Martine ETIENNE / NFP / La France insoumise,NFP,28.49,,,,14.970000000000002
Meurthe-et-Moselle – 4,054-04,True,,Dominique BILDE / EXD / Rassemblement national,EXD,43.7,Thibault BAZIN / LR / Les Républicains,LR,33.21,Barbara BERTOZZI-BIÉVELOT / NFP / Les Écologistes,NFP,20.59,10.490000000000002
Meurthe-et-Moselle – 5,054-05,True,,Dominique POTIER / NFP / Parti socialiste,NFP,43.47,Louis-Joseph PECHER / EXD / À droite ! Les amis d’Éric Ciotti,EXD,30.45,,,,13.02
Meurthe-et-Moselle – 6,054-06,True,,Anthony BOULOGNE / EXD / Rassemblement national,EXD,44.53,Caroline FIAT / NFP / La France insoumise,NFP,26.73,,,,17.8
Meuse – 1,055-01,True,,Maxime AMBLARD / EXD / Rassemblement national,EXD,47.95,Bertrand PANCHER / Régions et peuples solidaires,,34.22,,,,13.730000000000004
Meuse – 2,055-02,False,,Florence GOULET / EXD / Rassemblement national,EXD,50.63,,,,,,,
Morbihan – 1,056-01,True,,Anne LE HÉNANFF / ENS / Horizons,ENS,42.13,Anne GALLO / NFP / Parti socialiste,NFP,28.24,Joseph MARTIN / EXD / Rassemblement national,EXD,25.37,13.890000000000004
Morbihan – 2,056-02,True,<5,Jimmy PAHUN / ENS / Modem,ENS,32.14,Florent DE KERSAUSON / EXD / Rassemblement national,EXD,30.03,Jade BENIGUEL / NFP / La France insoumise,NFP,25.8,2.1099999999999994
Morbihan – 3,056-03,True,,Antoine OLIVIERO / EXD / Rassemblement national,EXD,35.85,Nicole LE PEIH / ENS / Renaissance,ENS,26.57,Marie Madeleine DORÉ-LUCAS / NFP / La France insoumise,NFP,20.41,9.280000000000001
Morbihan – 4,056-04,True,<5,Paul MOLAC / Régions et peuples solidaires,,35.84,Katel LE CUILLIER / EXD / Rassemblement national,EXD,31.51,,,,4.330000000000002
Morbihan – 5,056-05,True,<1,Damien GIRARD / NFP / Les Écologistes,NFP,35.56,Lysiane MÉTAYER / ENS / Renaissance,ENS,34.6,Aurélie LE GOFF / EXD / Rassemblement national,EXD,27.9,0.9600000000000009
Morbihan – 6,056-06,True,<2,Nathalie GUIHOT-VIEIRA / EXD / Rassemblement national,EXD,34.69,Jean-Michel JACQUES / ENS / Renaissance,ENS,33.08,Jean-Michel BAUDRY / NFP / La France insoumise,NFP,23.75,1.6099999999999994
Moselle – 1,057-01,True,,Grégoire LALOUX / EXD / Rassemblement national,EXD,39.81,Belkhir BELHADDAD / ENS / Renaissance,ENS,27.59,Vincent FELIX / NFP / La France insoumise,NFP,26.1,12.220000000000002
Moselle – 2,057-02,True,,Marie-Claude VOINCON / EXD / Rassemblement national,EXD,37.48,Ludovic MENDES / ENS / Renaissance,ENS,30.22,Victorien NICOLAS / NFP / Parti socialiste,NFP,26.61,7.259999999999998
Moselle – 3,057-03,True,<1,Victor CHOMARD / EXD / Rassemblement national,EXD,35.32,Nathalie COLIN-OESTERLÉ / Régions et peuples solidaires,,34.66,Charlotte LEDUC / NFP / La France insoumise,NFP,28.27,0.6600000000000037
Moselle – 4,057-04,True,,Océane SIMON / EXD / Rassemblement national,EXD,42.66,Fabien DI FILIPPO / LR / Les Républicains,LR,35.75,,,,6.909999999999997
Moselle – 5,057-05,True,,Pascal JENFT / EXD / Rassemblement national,EXD,47.52,Vincent SEITLINGER / LR / Les Républicains,LR,34.23,,,,13.290000000000006
Moselle – 6,057-06,False,,Kévin PFEFFER / EXD / Rassemblement national,EXD,50.9,,,,,,,
Moselle – 7,057-07,False,,Alexandre LOUBET / EXD / Rassemblement national,EXD,53.33,,,,,,,
Moselle – 8,057-08,True,,Laurent JACOBELLI / EXD / Rassemblement national,EXD,46.36,Céline LEGER / NFP / La France insoumise,NFP,28.98,,,,17.38
Moselle – 9,057-09,True,<5,Baptiste PHILIPPO / EXD / Rassemblement national,EXD,38.29,Isabelle RAUCH / ENS / Horizons,ENS,35.12,Brigitte VAÎSSE / NFP / Parti socialiste,NFP,22.84,3.1700000000000017
Nièvre – 1,058-01,True,,Charles-Henri GALLOIS / EXD / Rassemblement national,EXD,40.81,Perrine GOULET / ENS / Modem,ENS,29.4,Brice LARÈPE / NFP / La France insoumise,NFP,21.32,11.410000000000004
Nièvre – 2,058-02,True,,Julien GUIBERT / EXD / Rassemblement national,EXD,44.82,Christian PAUL / NFP / Parti socialiste,NFP,26.32,Sandra GERMAIN / ENS / Renaissance,ENS,20.44,18.5
Nord – 1,059-01,True,,Aurélien LE COQ / NFP / La France insoumise,NFP,44.2,Carole LECLERCQ / EXD / Rassemblement national,EXD,18.12,,,,26.080000000000002
Nord – 2,059-02,True,,Ugo BERNALICIS / NFP / La France insoumise,NFP,47.31,Philippe GUÉRARD / EXD / Rassemblement national,EXD,21.89,Violette SALANON / ENS / Renaissance,ENS,20.77,25.42
Nord – 3,059-03,False,,Sandra DELANNOY / EXD / Rassemblement national,EXD,50.82,,,,,,,
Nord – 4,059-04,True,<2,Brigitte LISO / ENS / Renaissance,ENS,31.32,Charlotte BRUN / NFP / Parti socialiste,NFP,29.58,Anne MORAND / EXD / Rassemblement national,EXD,25.98,1.740000000000002
Nord – 5,059-05,True,,Victor CATTEAU / EXD / Rassemblement national,EXD,40.08,Sébastien HUYGHE / Nous France,,34.37,Ophélie DELNESTE / NFP / La France insoumise,NFP,24.26,5.710000000000001
Nord – 6,059-06,True,<5,Charlotte PARMENTIER-LECOCQ / ENS / Renaissance,ENS,38.09,Marie Hélène QUATREBOEUFS / EXD / À droite ! Les amis d’Éric Ciotti,EXD,35.07,Célia PEREIRA / NFP / La France insoumise,NFP,19.53,3.020000000000003
Nord – 7,059-07,True,<5,Félicie GERARD / ENS / Horizons,ENS,36.71,Karima CHOUIA / NFP / Les Écologistes,NFP,32.19,Céline SAYAH / EXD / Rassemblement national,EXD,28.15,4.520000000000003
Nord – 8,059-08,True,,David GUIRAUD / NFP / La France insoumise,NFP,48.5,Ethan LEYS / EXD / Rassemblement national,EXD,30.8,,,,17.7
Nord – 9,059-09,True,<5,Violette SPILLEBOUT / ENS / Renaissance,ENS,34.01,Odile VIDAL-SAGNIER / NFP / Les Écologistes,NFP,31.12,Christine LANDRU / EXD / Rassemblement national,EXD,20.67,2.889999999999997
Nord – 10,059-10,True,<2,Gérald DARMANIN / ENS / Renaissance,ENS,36.03,Bastien VERBRUGGHE / EXD / Rassemblement national,EXD,34.31,Leslie MORTREUX / NFP / La France insoumise,NFP,24.82,1.7199999999999989
Nord – 11,059-11,True,,Roger VICOT / NFP / Parti socialiste,NFP,38.49,Maxime MOULIN / EXD / Rassemblement national,EXD,31.47,Ingrid BRULANT-FORTIN / ENS / Renaissance,ENS,27.94,7.020000000000003
Nord – 12,059-12,False,,Michael TAVERNE / EXD / Rassemblement national,EXD,54.74,,,,,,,
Nord – 13,059-13,True,,Maxence ACCART / EXD / Rassemblement national,EXD,43.52,Julien GOKEL / Parti socialiste,,32.2,Damien LACROIX / NFP / La France insoumise,NFP,21.92,11.32
Nord – 14,059-14,True,,Jean-Baptiste GARDES / EXD / À droite ! Les amis d’Éric Ciotti,EXD,46.37,Paul CHRISTOPHE / Horizons,,36.74,,,,9.629999999999995
Nord – 15,059-15,True,,Pierrick BERTELOOT / EXD / Rassemblement national,EXD,45.97,Jean-Pierre BATAILLE / Divers droite,,34.15,,,,11.82
Nord – 16,059-16,False,,Matthieu MARCHIO / EXD / Rassemblement national,EXD,53.12,,,,,,,
Nord – 17,059-17,True,,Thierry TESSON / EXD / Rassemblement national,EXD,47.92,Frédéric CHÉREAU / NFP / Parti socialiste,NFP,29.84,,,,18.080000000000002
Nord – 18,059-18,False,,Alexandre DUFOSSET / EXD / Rassemblement national,EXD,52.51,,,,,,,
Nord – 19,059-19,False,,Sébastien CHENU / EXD / Rassemblement national,EXD,58.32,,,,,,,
Nord – 20,059-20,False,,Guillaume FLORQUIN / EXD / Rassemblement national,EXD,50.3,,,,,,,
Nord – 21,059-21,True,,Laurence BARA / EXD / Rassemblement national,EXD,43.61,"Valérie LÉTARD / Union de la droite, du centre et des indépendants",,29.19,Pierrick COLPIN / NFP / La France insoumise,NFP,23.08,14.419999999999998
Oise – 1,060-01,True,,Claire MARAIS-BEUIL / EXD / Rassemblement national,EXD,46.19,Victor HABERT-DASSAULT / LR / Les Républicains,LR,24.48,,,,21.709999999999997
Oise – 2,060-02,False,,Philippe BALLARD / EXD / Rassemblement national,EXD,53.2,,,,,,,
Oise – 3,060-03,True,,Alexandre SABATOU / EXD / Rassemblement national,EXD,43.1,Amadou KA / NFP / La France insoumise,NFP,31.29,,,,11.810000000000002
Oise – 4,060-04,True,,Mathieu GRIMPRET / EXD / Rassemblement national,EXD,40.23,Eric WOERTH / ENS / Renaissance,ENS,29.89,,,,10.339999999999996
Oise – 5,060-05,True,,Frédéric Pierre VOS / EXD / Rassemblement national,EXD,42.15,Bertrand BRASSENS / NFP / Parti socialiste,NFP,22.03,,,,20.119999999999997
Oise – 6,060-06,True,,Michel GUINIOT / EXD / Rassemblement national,EXD,47.88,"Daniel LECA / Union de la droite, du centre et des indépendants",,22.93,Baptiste DE FRESSE DE MONVAL / NFP / Les Écologistes,NFP,20.46,24.950000000000003
Oise – 7,060-07,True,,David MAGNIER / EXD / Rassemblement national,EXD,40.43,Loïc PEN / NFP / Parti communiste français,NFP,27.18,Maxime MINOT / LR / Les Républicains,LR,21.52,13.25
Orne – 1,061-01,True,,Nadine BELZIDSKY / EXD / Rassemblement national,EXD,35.18,Chantal JOURDAN / NFP / Parti socialiste,NFP,27.33,Patricia CHAPELOTTE / ENS / Renaissance,ENS,21.52,7.850000000000001
Orne – 2,061-02,True,,Gérard VIENNE / EXD / Rassemblement national,EXD,40.01,Véronique LOUWAGIE / LR / Nous France,LR,32.95,,,,7.059999999999995
Orne – 3,061-03,True,,Jérôme NURY / LR / Nous France,LR,43.67,Ludmila PETCHENINA / EXD / Rassemblement national,EXD,32.41,Lori HELLOCO / NFP / Parti socialiste,NFP,21.07,11.260000000000005
Pas-de-Calais – 1,062-01,False,,Emmanuel BLAIRY / EXD / Rassemblement national,EXD,54.08,,,,,,,
Pas-de-Calais – 2,062-02,True,,Alban HEUSÈLE / EXD / Rassemblement national,EXD,37.31,Agnès PANNIER-RUNACHER / ENS / Renaissance,ENS,21.54,Alexandre COUSIN / NFP / Les Écologistes,NFP,20.12,15.770000000000003
Pas-de-Calais – 3,062-03,False,,Bruno CLAVET / EXD / Rassemblement national,EXD,52.4,,,,,,,
Pas-de-Calais – 4,062-04,True,,Benoît DOLLE / EXD / Rassemblement national,EXD,42.34,Philippe FAIT / ENS / Renaissance,ENS,30.66,,,,11.680000000000003
Pas-de-Calais – 5,062-05,True,,Antoine GOLLIOT / EXD / Rassemblement national,EXD,43.15,Olivier BARBARIN / NFP / Parti socialiste,NFP,28.97,Jean-Pierre PONT / ENS / Renaissance,ENS,20.88,14.18
Pas-de-Calais – 6,062-06,False,,Christine ENGRAND / EXD / Rassemblement national,EXD,50.7,,,,,,,
Pas-de-Calais – 7,062-07,True,,Marc DE FLEURIAN / EXD / Rassemblement national,EXD,47.86,Pierre-Henri DUMONT / LR / Du courage !,LR,33.75,,,,14.11
Pas-de-Calais – 8,062-08,True,,Auguste EVRARD / EXD / Rassemblement national,EXD,46.45,Bertrand PETIT / NFP / Parti socialiste,NFP,31.97,,,,14.480000000000004
Pas-de-Calais – 9,062-09,True,,Caroline PARMENTIER / EXD / Rassemblement national,EXD,48.85,Hadrien COISNE / ENS / Modem,ENS,19.78,,,,29.07
Pas-de-Calais – 10,062-10,False,,Thierry FRAPPÉ / EXD / Rassemblement national,EXD,60.61,,,,,,,
Pas-de-Calais – 11,062-11,False,,Marine LE PEN / EXD / Rassemblement national,EXD,58.04,,,,,,,
Pas-de-Calais – 12,062-12,False,,Bruno BILDE / EXD / Rassemblement national,EXD,59.24,,,,,,,
Puy-de-Dôme – 1,063-01,True,,Marianne MAXIMI / NFP / La France insoumise,NFP,38.14,Louis CLÉMENT / EXD / Rassemblement national,EXD,27.5,Hervé PRONONCE / ENS / Horizons,ENS,24.08,10.64
Puy-de-Dôme – 2,063-02,True,<2,Christine PIRÈS BEAUNE / NFP / Parti socialiste,NFP,36.2,Isabelle DUPRÉ / EXD / Rassemblement national,EXD,34.34,,,,1.8599999999999994
Puy-de-Dôme – 3,063-03,True,,Nicolas BONNET / NFP / Les Écologistes,NFP,31.72,Laurence VICHNIEVSKY / ENS / Modem,ENS,26.03,Nadine PERS / EXD / Rassemblement national,EXD,25.93,5.689999999999998
Puy-de-Dôme – 4,063-04,True,<5,Benjamin CHALUS / EXD / Rassemblement national,EXD,31.63,Delphine LINGEMANN / ENS / Modem,ENS,27.38,Valérie GOLÉO / NFP / La France insoumise,NFP,26.63,4.25
Puy-de-Dôme – 5,063-05,True,<1,André CHASSAIGNE / NFP / Parti communiste français,NFP,37.77,Brigitte CARLETTO / EXD / Rassemblement national,EXD,37.02,,,,0.75
Pyrénées-Atlantiques – 1,064-01,True,<2,François VERRIERE / EXD / Rassemblement national,EXD,27.96,Josy POUEYTO / ENS / Modem,ENS,26.82,Jean-Yves LALANNE / Régions et peuples solidaires,,19.95,1.1400000000000006
Pyrénées-Atlantiques – 2,064-02,True,<2,Monique BECKER / EXD / Rassemblement national,EXD,31.14,Jean-Paul MATTEÏ / ENS / Modem,ENS,29.6,Julien BRUNEL / NFP / Les Écologistes,NFP,26.49,1.5399999999999991
Pyrénées-Atlantiques – 3,064-03,True,,David HABIB / Parti radical de gauche,,37.63,Nicolas CRESSON / EXD / Rassemblement national,EXD,31.55,,,,6.080000000000002
Pyrénées-Atlantiques – 4,064-04,True,,Iñaki ECHANIZ / NFP / Parti socialiste,NFP,38.01,Sylviane LOPEZ / EXD / Rassemblement national,EXD,25.62,Jean LASSALLE / Régions et peuples solidaires,,18.05,12.389999999999997
Pyrénées-Atlantiques – 5,064-05,True,<5,Colette CAPDEVIELLE / NFP / Parti socialiste,NFP,32.3,Serge ROSSO / EXD / Rassemblement national,EXD,27.54,Florence LASSERRE / ENS / Modem,ENS,26.63,4.759999999999998
Pyrénées-Atlantiques – 6,064-06,True,<5,Peio DUFAU / NFP / Parti socialiste,NFP,29.42,Christian DEVÈZE / ENS / Modem,ENS,26.92,Victor LASTÉCOUÈRES / EXD / À droite ! Les amis d’Éric Ciotti,EXD,25.29,2.5
Hautes-Pyrénées – 1,065-01,True,<5,Marie-Christine SORIN / EXD / Rassemblement national,EXD,34.09,Sylvie FERRER / NFP / La France insoumise,NFP,29.53,Jean-Bernard SEMPASTOUS / Divers,,24.84,4.560000000000002
Hautes-Pyrénées – 2,065-02,True,,Olivier MONTEIL / EXD / Rassemblement national,EXD,36.96,Denis FÉGNÉ / NFP / Parti socialiste,NFP,28.09,Benoit MOURNET / ENS / Renaissance,ENS,24.91,8.870000000000001
Pyrénées-Orientales – 1,066-01,True,,Sophie BLANC / EXD / Rassemblement national,EXD,45.24,Francis DASPE / NFP / La France insoumise,NFP,25.48,,,,19.76
Pyrénées-Orientales – 2,066-02,False,,Anaïs SABATINI / EXD / Rassemblement national,EXD,54.98,,,,,,,
Pyrénées-Orientales – 3,066-03,True,,Sandrine DOGOR-SUCH / EXD / Rassemblement national,EXD,45.57,Nathalie CULLELL / NFP / La France insoumise,NFP,28.03,Laurence GAYTE / ENS / Parti radical,ENS,20.42,17.54
Pyrénées-Orientales – 4,066-04,True,,Michèle MARTINEZ / EXD / Rassemblement national,EXD,47.9,Julien BARAILLÉ / NFP / Parti socialiste,NFP,25.95,,,,21.95
Bas-Rhin – 1,067-01,True,,Sandra REGOL / NFP / Les Écologistes,NFP,47.6,Etienne LOOS / ENS / Renaissance,ENS,24.26,,,,23.34
Bas-Rhin – 2,067-02,True,,Emmanuel FERNANDES / NFP / La France insoumise,NFP,43.91,Rebecca BREITMAN / ENS / Modem,ENS,22.56,Virginie JORON / EXD / Rassemblement national,EXD,21.22,21.349999999999998
Bas-Rhin – 3,067-03,True,,Thierry SOTHER / NFP / Parti socialiste,NFP,37.94,Bruno STUDER / ENS / Renaissance,ENS,28.99,Stéphanie DÔ / EXD / Rassemblement national,EXD,23.1,8.95
Bas-Rhin – 4,067-04,True,<1,Delphine DAUBENBERGER / EXD / Rassemblement national,EXD,33.11,Françoise BUFFET / ENS / Renaissance,ENS,32.36,Raphaële KRATTINGER / NFP / La France insoumise,NFP,20.92,0.75
Bas-Rhin – 5,067-05,True,,Thomas ESTEVE / EXD / Rassemblement national,EXD,39.2,Charles SITZENSTUHL / ENS / Renaissance,ENS,32.31,,,,6.890000000000001
Bas-Rhin – 6,067-06,True,,Vincent COUSSEDIERE / EXD / Rassemblement national,EXD,38.5,Louise MOREL / ENS / Modem,ENS,27.76,,,,10.739999999999998
Bas-Rhin – 7,067-07,True,,Denis KIEFFER / EXD / Rassemblement national,EXD,41.47,Patrick HETZEL / LR / Les Républicains,LR,32.31,,,,9.159999999999997
Bas-Rhin – 8,067-08,True,,Théo BERNHARDT / EXD / Rassemblement national,EXD,44.16,Stéphanie KOCHERT / ENS / Horizons,ENS,23.51,,,,20.649999999999995
Bas-Rhin – 9,067-09,True,,Marc WOLFF / EXD / Rassemblement national,EXD,40.47,Vincent THIEBAUT / ENS / Horizons,ENS,29.24,,,,11.23
Haut-Rhin – 1,068-01,True,<5,Laurent GNAEDIG / EXD / Rassemblement national,EXD,34.24,Brigitte KLINKERT / ENS / Renaissance,ENS,30.4,,,,3.8400000000000034
Haut-Rhin – 2,068-02,True,<5,Nathalie AUBERT / EXD / Rassemblement national,EXD,36.17,Hubert OTT / ENS / Modem,ENS,32.46,,,,3.710000000000001
Haut-Rhin – 3,068-03,True,,Christian ZIMMERMANN / EXD / Rassemblement national,EXD,38.86,Didier LEMAIRE / ENS / Horizons,ENS,24.93,,,,13.93
Haut-Rhin – 4,068-04,True,,Marion WILHELM / EXD / Rassemblement national,EXD,41.87,Raphaël SCHELLENBERGER / LR / Du courage !,LR,29.15,,,,12.719999999999999
Haut-Rhin – 5,068-05,True,,Olivier BECHT / ENS / Renaissance,ENS,37.23,Pierre PINTO / EXD / Rassemblement national,EXD,29.56,Nadia EL HAJJAJI / NFP / Génération.s,NFP,26.8,7.669999999999998
Haut-Rhin – 6,068-06,True,,Christelle RITZ / EXD / Rassemblement national,EXD,39.74,Bruno FUCHS / ENS / Modem,ENS,30.19,Florence CLAUDEPIERRE / NFP / La France insoumise,NFP,22.08,9.55
Rhône – 1,069-01,True,,Anaïs BELOUASSA-CHERIFI / NFP / La France insoumise,NFP,42.4,Thomas RUDIGOZ / ENS / Renaissance,ENS,29.72,Laurent MOUTON / EXD / Rassemblement national,EXD,18.1,12.68
Rhône – 2,069-02,True,,Boris TAVERNIER / NFP / Les Écologistes,NFP,49.65,Loïc TERRENES / ENS / Renaissance,ENS,25.12,,,,24.529999999999998
Rhône – 3,069-03,False,,Marie-Charlotte GARIN / NFP / Les Écologistes,NFP,51.51,,,,,,,
Rhône – 4,069-04,True,,Sandrine RUNEL / NFP / Parti socialiste,NFP,38.0,Anne BRUGNERA / ENS / Renaissance,ENS,31.03,Yannick CHAUMONT / EXD / Rassemblement national,EXD,17.91,6.969999999999999
Rhône – 5,069-05,True,,Blandine BROCARD / ENS / Modem,ENS,32.01,Fabrice MATTEUCCI / NFP / Parti socialiste,NFP,26.48,Sasha BITOUM / EXD / Rassemblement national,EXD,25.38,5.529999999999998
Rhône – 6,069-06,True,,Gabriel AMARD / NFP / La France insoumise,NFP,46.29,Jean-Paul BRET / Parti socialiste,,19.94,,,,26.349999999999998
Rhône – 7,069-07,True,,Abdelkader LAHMAR / NFP / La France insoumise,NFP,46.0,Alexandre VINCENDET / ENS / Horizons,ENS,27.05,Cédric PIGNAL / EXD / Rassemblement national,EXD,21.28,18.95
Rhône – 8,069-08,True,,Jonathan GERY / EXD / Rassemblement national,EXD,33.46,Anne REYMBAUT / NFP / Parti socialiste,NFP,22.75,Dominique DESPRAS / ENS / Modem,ENS,21.18,10.71
Rhône – 9,069-09,True,,Patrick LOUIS / EXD / Rassemblement national,EXD,35.41,Alexandre PORTIER / LR / Les Républicains,LR,25.41,Jean-Henri SOUMIREU-LARTIGUE / NFP / Parti socialiste,NFP,23.25,9.999999999999996
Rhône – 10,069-10,True,<2,Thomas GASSILLOUD / ENS / Renaissance,ENS,32.54,Cecile PATOUT / EXD / Rassemblement national,EXD,31.15,Florence Janine Jacqueline PERRIN / NFP / Parti socialiste,NFP,23.64,1.3900000000000006
Rhône – 11,069-11,True,,Alexandre HUMBERT DUPALAIS / EXD / À droite ! Les amis d’Éric Ciotti,EXD,36.81,Jean-Luc FUGIT / ENS / Renaissance,ENS,26.93,Abdel YOUSFI / NFP / Parti communiste français,NFP,22.87,9.880000000000003
Rhône – 12,069-12,True,<2,Lucie GAILLOT DURAND / NFP / Les Écologistes,NFP,30.02,Cyrille ISAAC-SIBILLE / ENS / Modem,ENS,28.97,Clémence LUISIER / EXD / Rassemblement national,EXD,24.96,1.0500000000000007
Rhône – 13,069-13,True,,Tiffany JONCOUR / EXD / Rassemblement national,EXD,36.35,Victor PRANDT / NFP / La France insoumise,NFP,26.23,Sarah TANZILLI / ENS / Renaissance,ENS,24.21,10.120000000000001
Rhône – 14,069-14,True,,Idir BOUMERTIT / NFP / La France insoumise,NFP,48.78,Cédric MERMET / EXD / Rassemblement national,EXD,28.21,,,,20.57
Haute-Saône – 1,070-01,True,,Antoine VILLEDIEU / EXD / Rassemblement national,EXD,48.82,Alain CHRETIEN / ENS / Horizons,ENS,29.99,,,,18.830000000000002
Haute-Saône – 2,070-02,False,,Emeric SALMON / EXD / Rassemblement national,EXD,50.11,,,,,,,
Saône-et-Loire – 1,071-01,True,<5,Rachel DREVET / EXD / Rassemblement national,EXD,34.65,Benjamin DIRX / ENS / Renaissance,ENS,30.6,Jean-Luc DELPEUCH / NFP / Les Écologistes,NFP,27.59,4.049999999999997
Saône-et-Loire – 2,071-02,True,<5,Olivier DAMIEN / EXD / Rassemblement national,EXD,37.85,Josiane CORNELOUP / LR / Les Républicains,LR,33.58,,,,4.270000000000003
Saône-et-Loire – 3,071-03,True,,Aurélien DUTREMBLE / EXD / Rassemblement national,EXD,42.67,Rémy REBEYROTTE / ENS / Renaissance,ENS,25.1,Richard BENINGER / NFP / La France insoumise,NFP,19.14,17.57
Saône-et-Loire – 4,071-04,True,,Eric MICHOUX / EXD / À droite ! Les amis d’Éric Ciotti,EXD,44.34,Cécile UNTERMAIER / NFP / Parti socialiste,NFP,29.96,Anthony VADOT / LR / Les Républicains,LR,22.33,14.380000000000003
Saône-et-Loire – 5,071-05,True,,Arnaud SANVERT / EXD / Rassemblement national,EXD,35.12,Fatima KOURICHE / NFP / La France insoumise,NFP,23.28,Louis MARGUERITTE / ENS / Renaissance,ENS,20.75,11.839999999999996
Sarthe – 1,072-01,True,<5,Céline DE COSSÉ BRISSAC / EXD / Rassemblement national,EXD,33.6,Julie DELPECH / ENS / Renaissance,ENS,30.84,Ghislaine BONNET / NFP / La France insoumise,NFP,25.01,2.7600000000000016
Sarthe – 2,072-02,True,<5,Marietta KARAMANLI / NFP / Parti socialiste,NFP,39.95,François FEVRE / EXD / À droite ! Les amis d’Éric Ciotti,EXD,35.29,"Samuel CHEVALLIER / Union de la droite, du centre et des indépendants",,23.09,4.660000000000004
Sarthe – 3,072-03,True,,Romain LEMOIGNE / EXD / Rassemblement national,EXD,42.54,Eric MARTINEAU / ENS / Modem,ENS,29.17,,,,13.369999999999997
Sarthe – 4,072-04,True,,Marie-Caroline LE PEN / EXD / Rassemblement national,EXD,39.26,Elise LEBOUCHER / NFP / La France insoumise,NFP,25.94,Sylvie CASENAVE-PÉRÉ / ENS / Renaissance,ENS,25.88,13.319999999999997
Sarthe – 5,072-05,True,,Pierre VAUGARNY / EXD / Rassemblement national,EXD,38.23,Jean-Carles GRELIER / ENS / Renaissance,ENS,31.28,Christophe ROUILLON / NFP / Parti socialiste,NFP,26.67,6.949999999999996
Savoie – 1,073-01,True,<1,Typhanie DEGOIS / EXD / À droite ! Les amis d’Éric Ciotti,EXD,36.16,Marina FERRARI / ENS / Modem,ENS,35.24,Christel GRANATA / NFP / Parti communiste français,NFP,22.93,0.9199999999999946
Savoie – 2,073-02,True,<2,Vincent ROLLAND / LR / Les Républicains,LR,36.84,Pauline RACT-BRANCAZ / EXD / Rassemblement national,EXD,35.19,Pascale MARTINOT / NFP / Parti socialiste,NFP,22.97,1.6500000000000057
Savoie – 3,073-03,True,<5,Emilie BONNIVARD / LR / Les Républicains,LR,40.86,Marie DAUCHY / EXD / Rassemblement national,EXD,35.98,Daniel IBANEZ / NFP / La France insoumise,NFP,21.81,4.880000000000003
Savoie – 4,073-04,True,,Jean-François COULOMME / NFP / La France insoumise,NFP,36.87,Brice BERNARD / EXD / Rassemblement national,EXD,30.23,Anaïs GOMERO / ENS / Modem,ENS,27.72,6.639999999999997
Haute-Savoie – 1,074-01,True,<5,Véronique RIOTTON / ENS / Renaissance,ENS,35.64,Guillaume ROIT-LEVÊQUE / EXD / Rassemblement national,EXD,31.09,Anne-Valérie DUVAL / NFP / La France insoumise,NFP,22.82,4.550000000000001
Haute-Savoie – 2,074-02,True,<5,Antoine ARMAND / ENS / Renaissance,ENS,33.27,Anis BOUVARD / EXD / Rassemblement national,EXD,28.8,Guillaume TATU / NFP / Les Écologistes,NFP,26.88,4.470000000000002
Haute-Savoie – 3,074-03,True,,Antoine VALENTIN / EXD / À droite ! Les amis d’Éric Ciotti,EXD,39.68,Christelle PETEX / Divers droite,,32.37,Gérard VEZ / NFP / La France insoumise,NFP,24.01,7.310000000000002
Haute-Savoie – 4,074-04,True,,Virginie DUBY-MULLER / LR / Les Républicains,LR,37.25,Magalie LUHO / EXD / Rassemblement national,EXD,28.85,Dominique LACHENAL / NFP / Parti socialiste,NFP,27.37,8.399999999999999
Haute-Savoie – 5,074-05,True,<2,Quentin TAÏEB / EXD / À droite ! Les amis d’Éric Ciotti,EXD,32.1,Anne-Cécile VIOLLAND / ENS / Horizons,ENS,31.08,Jean-Baptiste BAUD / NFP / Parti socialiste,NFP,23.52,1.0200000000000031
Haute-Savoie – 6,074-06,True,<2,Charles PRATS / EXD / À droite ! Les amis d’Éric Ciotti,EXD,36.21,Xavier ROSEREN / ENS / Renaissance,ENS,34.68,Alain ROUBIAN / NFP / Place publique,NFP,22.2,1.5300000000000011
Paris – 1,075-01,True,,Sylvain MAILLARD / ENS / Renaissance,ENS,44.7,Raphaël KEMPF / NFP / La France insoumise,NFP,32.09,,,,12.61
Paris – 2,075-02,True,,Marine ROSSET / NFP / Parti socialiste,NFP,33.4,Jean LAUSSUCQ / ENS / Renaissance,ENS,23.62,Gilles LE GENDRE / Divers centre,,19.62,9.779999999999998
Paris – 3,075-03,True,,Léa BALAGE EL MARIKY / NFP / Les Écologistes,NFP,46.15,Stanislas GUERINI / ENS / Renaissance,ENS,33.99,,,,12.159999999999997
Paris – 4,075-04,True,,Astrid PANOSYAN-BOUVET / ENS / Renaissance,ENS,37.19,Geoffroy BOULARD / LR / Les Républicains,LR,26.55,Théa FOUDRINIER / NFP / Place publique,NFP,17.91,10.639999999999997
Paris – 5,075-05,False,,Pouria AMIRSHAHI / NFP / Les Écologistes,NFP,54.24,,,,,,,
Paris – 6,075-06,False,,Sophia CHIKIROU / NFP / La France insoumise,NFP,58.19,,,,,,,
Paris – 7,075-07,False,,Emmanuel GREGOIRE / NFP / Parti socialiste,NFP,50.87,,,,,,,
Paris – 8,075-08,False,,Eva SAS / NFP / Les Écologistes,NFP,50.73,,,,,,,
Paris – 9,075-09,False,,Sandrine ROUSSEAU / NFP / Les Écologistes,NFP,52.13,,,,,,,
Paris – 10,075-10,False,,Rodrigo ARENAS / NFP / La France insoumise,NFP,50.66,,,,,,,
Paris – 11,075-11,True,,Céline HERVIEU / NFP / Parti socialiste,NFP,43.7,Maud GATEL / ENS / Modem,ENS,34.85,,,,8.850000000000001
Paris – 12,075-12,True,,Olivia GREGOIRE / ENS / Renaissance,ENS,39.36,Celine MALAISÉ / NFP / Parti communiste français,NFP,28.96,,,,10.399999999999999
Paris – 13,075-13,True,<2,David AMIEL / ENS / Renaissance,ENS,38.85,Aminata NIAKATÉ / NFP / Les Écologistes,NFP,37.11,,,,1.740000000000002
Paris – 14,075-14,True,,Benjamin HADDAD / ENS / Renaissance,ENS,47.71,Patrick DRAY / LR / Les Républicains,LR,17.7,Louis PIQUET / EXD / À droite ! Les amis d’Éric Ciotti,EXD,17.56,30.01
Paris – 15,075-15,True,,Danielle SIMONNET / Parti communiste français,,41.87,Céline VERZELETTI / NFP / La France insoumise,NFP,22.87,,,,18.999999999999996
Paris – 16,075-16,False,,Sarah LEGRAIN / NFP / La France insoumise,NFP,62.47,,,,,,,
Paris – 17,075-17,False,,Danièle OBONO / NFP / La France insoumise,NFP,64.23,,,,,,,
Paris – 18,075-18,False,,Aymeric CARON / NFP / La France insoumise,NFP,50.38,,,,,,,
Seine-Maritime – 1,076-01,True,,Florence HEROUIN-LÉAUTEY / NFP / Parti socialiste,NFP,44.44,Damien ADAM / ENS / Renaissance,ENS,27.62,Grégoire HOUDAN / EXD / Rassemblement national,EXD,19.0,16.819999999999997
Seine-Maritime – 2,076-02,True,,Vanessa LANCELOT / EXD / Rassemblement national,EXD,33.77,Annie VIDAL / ENS / Renaissance,ENS,27.73,Vincent DECORDE / NFP / Parti socialiste,NFP,24.46,6.040000000000003
Seine-Maritime – 3,076-03,True,,Edouard BÉNARD / NFP / Parti communiste français,NFP,48.64,Pauline DANIEL / EXD / Rassemblement national,EXD,28.24,,,,20.400000000000002
Seine-Maritime – 4,076-04,True,,Guillaume PENNELLE / EXD / Rassemblement national,EXD,39.08,Alma DUFOUR / NFP / La France insoumise,NFP,32.65,Laurent BONNATERRE / ENS / Horizons,ENS,24.71,6.43
Seine-Maritime – 5,076-05,True,,Jean-Cyril MONTIER / EXD / Rassemblement national,EXD,41.4,Gérard LESEUL / NFP / Parti socialiste,NFP,33.36,Jean DELALANDRE / ENS / Horizons,ENS,22.35,8.04
Seine-Maritime – 6,076-06,True,,Patrice MARTIN / EXD / Rassemblement national,EXD,44.91,Sébastien JUMEL / NFP / Parti communiste français,NFP,34.5,,,,10.409999999999997
Seine-Maritime – 7,076-07,True,,Agnès FIRMIN LE BODO / ENS / Horizons,ENS,34.83,Anaïs THOMAS / EXD / Rassemblement national,EXD,28.63,Florence MARTIN PÉRÉON / NFP / Parti socialiste,NFP,28.62,6.199999999999999
Seine-Maritime – 8,076-08,True,,Jean-Paul LECOQ / NFP / Parti communiste français,NFP,42.81,Isabelle LE COZ / EXD / Rassemblement national,EXD,31.32,,,,11.490000000000002
Seine-Maritime – 9,076-09,True,,Douglas POTIER / EXD / Rassemblement national,EXD,44.58,Marie-Agnès POUSSIER-WINSBACK / ENS / Horizons,ENS,32.08,,,,12.5
Seine-Maritime – 10,076-10,True,,Robert LE BOURGEOIS / EXD / Rassemblement national,EXD,45.29,Xavier BATUT / ENS / Horizons,ENS,25.55,,,,19.74
Seine-et-Marne – 1,077-01,True,<0.5,Arnaud SAINT-MARTIN / NFP / La France insoumise,NFP,33.31,Théo MICHEL / EXD / À droite ! Les amis d’Éric Ciotti,EXD,32.95,Aude LUQUET / ENS / Modem,ENS,29.04,0.35999999999999943
Seine-et-Marne – 2,077-02,True,<2,Ivanka DIMITROVA / EXD / Rassemblement national,EXD,35.06,Frédéric VALLETOUX / ENS / Horizons,ENS,33.73,Nour BENAÏSSA WATBOT / NFP / La France insoumise,NFP,23.7,1.3300000000000054
Seine-et-Marne – 3,077-03,True,,Davy BRUN / EXD / Rassemblement national,EXD,38.13,Jean-Louis THIERIOT / LR / Les Républicains,LR,31.68,Laura VALLÉE-HANS / NFP / La France insoumise,NFP,28.4,6.450000000000003
Seine-et-Marne – 4,077-04,True,,Julien LIMONGI / EXD / Rassemblement national,EXD,47.64,Isabelle PERIGAULT / LR / Les Républicains,LR,28.01,Mathieu GARNIER / NFP / La France insoumise,NFP,20.9,19.63
Seine-et-Marne – 5,077-05,True,,Philippe FONTANA / EXD / À droite ! Les amis d’Éric Ciotti,EXD,41.77,Franck RIESTER / ENS / Renaissance,ENS,31.43,Laurie CAENBERGS / NFP / La France insoumise,NFP,24.52,10.340000000000003
Seine-et-Marne – 6,077-06,True,,Béatrice ROULLAUD / EXD / Rassemblement national,EXD,40.81,Amal BENTOUNSI / NFP / La France insoumise,NFP,30.22,Régis SARAZIN / LR / Les Républicains,LR,26.7,10.590000000000003
Seine-et-Marne – 7,077-07,True,<5,Agnès LAFFITE / EXD / Rassemblement national,EXD,35.72,Ersilia SOUDAIS / NFP / La France insoumise,NFP,32.85,,,,2.8699999999999974
Seine-et-Marne – 8,077-08,True,<5,Arnaud BONNET / NFP / Les Écologistes,NFP,36.29,Hadrien GHOMI / ENS / Renaissance,ENS,33.03,Manon MOURGERES / EXD / Rassemblement national,EXD,27.97,3.259999999999998
Seine-et-Marne – 9,077-09,True,,Morgann VANACKER / EXD / Rassemblement national,EXD,35.5,Céline THIÉBAULT-MARTINEZ / NFP / Parti socialiste,NFP,29.65,Michèle PEYRON / ENS / Renaissance,ENS,21.57,5.850000000000001
Seine-et-Marne – 10,077-10,True,,Maxime LAISNEY / NFP / La France insoumise,NFP,43.94,Pryscillia BRACH / EXD / Rassemblement national,EXD,22.64,,,,21.299999999999997
Seine-et-Marne – 11,077-11,False,,Olivier FAURE / NFP / Parti socialiste,NFP,53.42,,,,,,,
Yvelines – 1,078-01,True,,Charles RODWELL / ENS / Renaissance,ENS,33.55,Sébastien RAMAGE / NFP / La France insoumise,NFP,28.31,Anne JACQMIN / EXD / Rassemblement national,EXD,19.37,5.239999999999998
Yvelines – 2,078-02,True,,Jean-Noël BARROT / ENS / Modem,ENS,35.01,Maïté CARRIVE-BÉDOUANI / NFP / Les Écologistes,NFP,26.29,Gaetan BRAULT / EXD / Rassemblement national,EXD,21.81,8.719999999999999
Yvelines – 3,078-03,True,,Béatrice PIRON / ENS / Renaissance,ENS,34.49,Valentin SALVINO / EXD / À droite ! Les amis d’Éric Ciotti,EXD,22.79,Thomas CIANO / NFP / Parti socialiste,NFP,20.85,11.700000000000003
Yvelines – 4,078-04,True,,Marie LEBEC / ENS / Renaissance,ENS,41.24,Céline BOURDON / NFP / La France insoumise,NFP,27.21,Jean-François MOURTOUX / EXD / À droite ! Les amis d’Éric Ciotti,EXD,19.99,14.030000000000001
Yvelines – 5,078-05,True,,Yaël BRAUN-PIVET / ENS / Renaissance,ENS,42.79,Yassine BENYETTOU / NFP / La France insoumise,NFP,27.31,Jacques MYARD / EXD / Les Républicains,EXD,22.9,15.48
Yvelines – 6,078-06,True,,Natalia POUZYREFF / ENS / Renaissance,ENS,38.33,Mélinda SAUGER / NFP / La France insoumise,NFP,27.02,Sophie LELANDAIS / EXD / Rassemblement national,EXD,20.45,11.309999999999999
Yvelines – 7,078-07,True,,Aurélien ROUSSEAU / NFP / Place publique,NFP,34.68,Nadia HAI / ENS / Renaissance,ENS,29.32,Babette DE ROZIERES / EXD / À droite ! Les amis d’Éric Ciotti,EXD,25.79,5.359999999999999
Yvelines – 8,078-08,True,,Benjamin LUCAS / NFP / Génération.s,NFP,44.92,Cyril NAUTH / EXD / Rassemblement national,EXD,30.97,,,,13.950000000000003
Yvelines – 9,078-09,True,<5,Laurent MORIN / EXD / Rassemblement national,EXD,34.49,Dieynaba DIOP / NFP / Parti socialiste,NFP,29.64,Bruno MILLIENNE / ENS / Modem,ENS,21.35,4.850000000000001
Yvelines – 10,078-10,True,,Aurore BERGÉ / ENS / Renaissance,ENS,33.59,Thomas DU CHALARD / EXD / Rassemblement national,EXD,28.22,Cédric BRIOLAIS / NFP / La France insoumise,NFP,22.4,5.3700000000000045
Yvelines – 11,078-11,True,,William MARTINET / NFP / La France insoumise,NFP,43.38,"Laurent MAZAURY / Union de la droite, du centre et des indépendants",,29.25,Victoria DOUCET / EXD / Rassemblement national,EXD,21.79,14.130000000000003
Yvelines – 12,078-12,True,,Karl OLIVE / ENS / Renaissance,ENS,40.75,Christophe MASSIAUX / NFP / Les Écologistes,NFP,30.32,Jean-Louis METTELET / EXD / Rassemblement national,EXD,24.88,10.43
Deux-Sèvres – 1,079-01,True,,Bastien MARCHIVE / ENS / Parti radical,ENS,40.24,Nathalie LANZI / NFP / Parti socialiste,NFP,32.79,Dorothée CHAMPEAU / EXD / Rassemblement national,EXD,24.62,7.450000000000003
Deux-Sèvres – 2,079-02,True,<5,Delphine BATHO / Les Écologistes,,38.57,Mélody GARAULT / EXD / Rassemblement national,EXD,34.12,,,,4.450000000000003
Deux-Sèvres – 3,079-03,True,<5,Philippe ROBIN / EXD / À droite ! Les amis d’Éric Ciotti,EXD,35.27,Jean-Marie FIÉVET / ENS / Renaissance,ENS,31.12,,,,4.150000000000002
Somme – 1,080-01,True,,Nathalie RIBEIRO BILLET / EXD / Rassemblement national,EXD,40.69,François RUFFIN / NFP / Picardie Debout,NFP,33.92,Albane BRANLANT / ENS / Renaissance,ENS,22.68,6.769999999999996
Somme – 2,080-02,True,<5,Zahia HAMDANE / NFP / La France insoumise,NFP,29.54,Damien TOUMI / EXD / Rassemblement national,EXD,27.46,Hubert DE JENLIS / ENS / Renaissance,ENS,25.23,2.0799999999999983
Somme – 3,080-03,True,,Matthias RENAULT / EXD / Rassemblement national,EXD,48.9,Emmanuel MAQUET / LR / Du courage !,LR,27.7,,,,21.2
Somme – 4,080-04,True,,Jean-Philippe TANGUY / EXD / Rassemblement national,EXD,49.62,Anthony GEST / ENS / Renaissance,ENS,18.47,,,,31.15
Somme – 5,080-05,False,,Yaël MENACHE / EXD / Rassemblement national,EXD,55.98,,,,,,,
Tarn – 1,081-01,True,,Frédéric CABROLIER / EXD / Rassemblement national,EXD,39.53,Philippe BONNECARRERE / ENS / Alliance centriste,ENS,29.52,Margot LAPEYRE / NFP / Parti socialiste,NFP,28.37,10.010000000000002
Tarn – 2,081-02,True,,Julien BACOU / EXD / Rassemblement national,EXD,37.94,Karen ERODI / NFP / La France insoumise,NFP,31.63,Pierre VERDIER / ENS / Renaissance,ENS,21.7,6.309999999999999
Tarn – 3,081-03,True,,Guilhem CARAYON / EXD / À droite ! Les amis d’Éric Ciotti,EXD,43.51,Jean TERLIER / ENS / Renaissance,ENS,28.6,Julien LASSALLE / NFP / La France insoumise,NFP,25.39,14.909999999999997
Tarn-et-Garonne – 1,082-01,True,,Brigitte BAREGES / EXD / À droite ! Les amis d’Éric Ciotti,EXD,43.93,Valérie RABAULT / NFP / Parti socialiste,NFP,36.81,,,,7.119999999999997
Tarn-et-Garonne – 2,082-02,True,,Marine HAMELET / EXD / Rassemblement national,EXD,49.17,Claudie CHRETIEN / NFP / La France insoumise,NFP,18.54,,,,30.630000000000003
Var – 1,083-01,True,,Sébastien SOULÉ / EXD / Rassemblement national,EXD,42.28,Yannick CHENEVARD / ENS / Renaissance,ENS,31.37,Eric HABOUZIT / NFP / La France insoumise,NFP,22.38,10.91
Var – 2,083-02,False,,Laure LAVALETTE / EXD / Rassemblement national,EXD,50.81,,,,,,,
Var – 3,083-03,True,,Stéphane RAMBAUD / EXD / Rassemblement national,EXD,46.51,Isabelle MONFORT / ENS / Horizons,ENS,20.21,,,,26.299999999999997
Var – 4,083-04,False,,Philippe LOTTIAUX / EXD / Rassemblement national,EXD,56.11,,,,,,,
Var – 5,083-05,False,,Julie LECHANTEUX / EXD / Rassemblement national,EXD,51.51,,,,,,,
Var – 6,083-06,False,,Frank GILETTI / EXD / Rassemblement national,EXD,53.51,,,,,,,
Var – 7,083-07,True,,Frédéric BOCCALETTI / EXD / Rassemblement national,EXD,48.3,Cécile MUSCHOTTI / ENS / Renaissance,ENS,18.53,,,,29.769999999999996
Var – 8,083-08,False,,Philippe SCHRECK / EXD / Rassemblement national,EXD,53.55,,,,,,,
Vaucluse – 1,084-01,True,,Catherine JAOUEN / EXD / Rassemblement national,EXD,34.62,Raphaël ARNAULT / NFP / La France insoumise,NFP,24.76,,,,9.859999999999996
Vaucluse – 2,084-02,True,,Bénédicte AUZANOT / EXD / Rassemblement national,EXD,45.95,Patrick BLANES / NFP / Parti socialiste,NFP,24.85,Sylvie VIALA / ENS / Modem,ENS,19.4,21.1
Vaucluse – 3,084-03,False,,Hervé DE LÉPINAU / EXD / Rassemblement national,EXD,53.51,,,,,,,
Vaucluse – 4,084-04,True,,Marie-France LORHO / EXD / Rassemblement national,EXD,49.89,Monia GALVEZ / NFP / La France insoumise,NFP,19.64,,,,30.25
Vaucluse – 5,084-05,True,,Catherine RIMBERT / EXD / Rassemblement national,EXD,45.03,Céline CELCE / NFP / Génération.s,NFP,27.16,Adrien MORENAS / ENS / Renaissance,ENS,20.29,17.87
Vendée – 1,085-01,True,<5,Simon-Pierre PAULIN / EXD / À droite ! Les amis d’Éric Ciotti,EXD,32.17,Philippe LATOMBE / ENS / Modem,ENS,28.51,Lucie ETONNO / NFP / Les Écologistes,NFP,23.33,3.66
Vendée – 2,085-02,True,<5,Béatrice BELLAMY / ENS / Horizons,ENS,38.74,Marie-Christine EBRAN / EXD / Rassemblement national,EXD,36.53,Nicolas HELARY / NFP / La France insoumise,NFP,23.34,2.210000000000001
Vendée – 3,085-03,True,<1,Pascal DUBIN / EXD / À droite ! Les amis d’Éric Ciotti,EXD,35.59,Stéphane BUCHOU / ENS / Renaissance,ENS,34.89,,,,0.7000000000000028
Vendée – 4,085-04,True,,Véronique BESSE / Divers droite,,39.31,Jacques PROUX / EXD / Rassemblement national,EXD,22.88,Ilias NAGNONHOU / ENS / Renaissance,ENS,18.46,16.430000000000003
Vendée – 5,085-05,True,<5,Stéphane BUFFETAUT / EXD / Rassemblement national,EXD,37.87,Pierre HENRIET / ENS / Horizons,ENS,34.84,Pierre-Hugues FOURAGE / NFP / Parti socialiste,NFP,20.12,3.029999999999994
Vienne – 1,086-01,True,<5,Lisa BELLUCO / NFP / Les Écologistes,NFP,33.14,Emmanuelle DARLES / EXD / Rassemblement national,EXD,28.93,Séverine SAINT-PÉ / ENS / Horizons,ENS,28.85,4.210000000000001
Vienne – 2,086-02,True,<5,Sacha HOULIÉ / ENS / Renaissance,ENS,33.21,Valérie SOUMAILLE / NFP / La France insoumise,NFP,28.63,Estelle CHEVALLIER / EXD / Rassemblement national,EXD,24.42,4.580000000000002
Vienne – 3,086-03,True,,Eric SOULAT / EXD / Rassemblement national,EXD,40.82,Pascal LECAMP / ENS / Modem,ENS,30.18,Gisèle JEAN / NFP / Parti socialiste,NFP,26.73,10.64
Vienne – 4,086-04,True,,Hager JACQUEMIN / EXD / Rassemblement national,EXD,41.04,Nicolas TURQUOIS / ENS / Modem,ENS,32.11,Yves TROUSSELLE / NFP / Place publique,NFP,21.09,8.93
Haute-Vienne – 1,087-01,True,<5,Damien MAUDET / NFP / La France insoumise,NFP,36.94,Camille DOS SANTOS DE OLIVEIRA / EXD / Rassemblement national,EXD,32.83,Isabelle NEGRIER / ENS / Renaissance,ENS,26.99,4.109999999999999
Haute-Vienne – 2,087-02,True,<0.5,Sabrina MINGUET / EXD / Rassemblement national,EXD,36.86,Stéphane DELAUTRETTE / NFP / Parti socialiste,NFP,36.83,Marie-Eve TAYOT / ENS / Modem,ENS,24.45,0.030000000000001137
Haute-Vienne – 3,087-03,True,<0.5,Manon MEUNIER / NFP / La France insoumise,NFP,35.18,Albin FREYCHET / EXD / Rassemblement national,EXD,34.85,Gilles TOULZA / LR / Les Républicains,LR,26.65,0.3299999999999983
Vosges – 1,088-01,True,<5,Stéphane VIRY / LR / Du courage !,LR,42.85,Pierre FRANÇOIS / EXD / Rassemblement national,EXD,38.17,,,,4.68
Vosges – 2,088-02,True,,Gaëtan DUSSAUSAYE / EXD / Rassemblement national,EXD,48.16,David VALENCE / ENS / Parti radical,ENS,30.84,,,,17.319999999999997
Vosges – 3,088-03,True,,"Christophe NAEGELEN / Union de la droite, du centre et des indépendants",,48.33,Pauline FRESSE / EXD / Rassemblement national,EXD,33.43,,,,14.899999999999999
Vosges – 4,088-04,True,,Sébastien HUMBERT / EXD / Rassemblement national,EXD,48.02,Jean-Jacques GAULTIER / LR / Les Républicains,LR,31.91,,,,16.110000000000003
Yonne – 1,089-01,True,,Daniel GRENON / EXD / Rassemblement national,EXD,40.4,Florence LOURY / NFP / Les Écologistes,NFP,25.34,,,,15.059999999999999
Yonne – 2,089-02,True,,Sophie-Laurence ROY / EXD / À droite ! Les amis d’Éric Ciotti,EXD,44.51,André VILLIERS / ENS / Horizons,ENS,29.33,Philippe VEYSSIERE / NFP / La France insoumise,NFP,19.5,15.18
Yonne – 3,089-03,False,,Julien ODOUL / EXD / Rassemblement national,EXD,50.44,,,,,,,
Territoire de Belfort – 1,090-01,True,,Carine MANCK / EXD / Rassemblement national,EXD,39.73,Ian BOUCARD / LR / Les Républicains,LR,23.99,Marie-Eve BELORGEY / NFP / Parti socialiste,NFP,22.59,15.739999999999998
Territoire de Belfort – 2,090-02,True,,Guillaume BIGOT / EXD / Rassemblement national,EXD,37.86,Florian CHAUCHE / NFP / La France insoumise,NFP,28.02,,,,9.84
Essonne – 1,091-01,True,,Farida AMRANI / NFP / La France insoumise,NFP,46.07,Stéphane BEAUDET / Divers,,27.74,Thiebauld VEGA / EXD / Rassemblement national,EXD,22.34,18.330000000000002
Essonne – 2,091-02,True,,Nathalie DA CONCEICAO CARVALHO / EXD / Rassemblement national,EXD,40.3,Mathieu HILLAIRE / NFP / La France insoumise,NFP,26.54,Naïma SIFER / ENS / Horizons,ENS,22.09,13.759999999999998
Essonne – 3,091-03,True,<5,Stefan MILOSEVIC / EXD / Rassemblement national,EXD,33.01,Steevy GUSTAVE / NFP / Les Écologistes,NFP,30.91,Alexis IZARD / ENS / Renaissance,ENS,29.9,2.099999999999998
Essonne – 4,091-04,True,<5,Marie-Pierre RIXAIN / ENS / Renaissance,ENS,33.91,Jérôme CARBRIAND / EXD / À droite ! Les amis d’Éric Ciotti,EXD,31.03,Amadou DEME / NFP / Parti communiste français,NFP,30.83,2.8799999999999955
Essonne – 5,091-05,True,,Pierre LARROUTUROU / NFP / Les Écologistes,NFP,37.93,Paul MIDY / ENS / Renaissance,ENS,32.48,,,,5.450000000000003
Essonne – 6,091-06,True,,Jérôme GUEDJ / NFP / Parti socialiste,NFP,34.44,Hella KRIBI - ROMDHANE / Les Écologistes,,25.23,Natacha GOUPY / EXD / Rassemblement national,EXD,20.81,9.209999999999997
Essonne – 7,091-07,True,,Claire LEJEUNE / NFP / La France insoumise,NFP,40.83,Robin REDA / ENS / Renaissance,ENS,30.07,Audrey GUIBERT / EXD / Rassemblement national,EXD,25.07,10.759999999999998
Essonne – 8,091-08,True,<2,Bérenger CERNON / NFP / La France insoumise,NFP,34.37,Nicolas DUPONT-AIGNAN / EXD / Debout la France,EXD,32.96,François DUROVRAY / LR / Du courage !,LR,27.38,1.4099999999999966
Essonne – 9,091-09,True,,Julie OZENNE / NFP / Les Écologistes,NFP,37.6,Paul-Henri MERRIEN / EXD / Rassemblement national,EXD,30.12,Marie GUÉVENOUX / ENS / Renaissance,ENS,27.11,7.48
Essonne – 10,091-10,True,,Antoine LÉAUMENT / NFP / La France insoumise,NFP,43.01,Michael AMAND / EXD / Rassemblement national,EXD,25.91,,,,17.099999999999998
Hauts-de-Seine – 1,092-01,False,,Elsa FAUCILLON / NFP / Parti communiste français,NFP,64.83,,,,,,,
Hauts-de-Seine – 2,092-02,True,<5,Thomas LAM / LR / Les Républicains,LR,41.59,Francesca PASQUINI / NFP / Génération.s,NFP,39.53,,,,2.0600000000000023
Hauts-de-Seine – 3,092-03,False,,Philippe JUVIN / LR / Les Républicains,LR,52.09,,,,,,,
Hauts-de-Seine – 4,092-04,True,,Sabrina SEBAIHI / NFP / Mouvement écologiste indépendant,NFP,49.13,Isabelle DE CRECY / ENS / Horizons,ENS,29.62,,,,19.51
Hauts-de-Seine – 5,092-05,True,<5,Raphaël PITTI / NFP / Place publique,NFP,36.54,Céline CALVEZ / ENS / Renaissance,ENS,31.62,,,,4.919999999999998
Hauts-de-Seine – 6,092-06,True,,Constance LE GRIP / ENS / Alliance centriste,ENS,40.14,Geoffroy DIDIER / LR / Les Républicains,LR,19.9,Sihame MUSCIANISI / NFP / La France insoumise,NFP,19.26,20.240000000000002
Hauts-de-Seine – 7,092-07,False,,Pierre CAZENEUVE / ENS / Renaissance,ENS,53.2,,,,,,,
Hauts-de-Seine – 8,092-08,True,,Prisca THEVENOT / ENS / Renaissance,ENS,39.91,Salomé NICOLAS-CHAVANCE / NFP / Parti socialiste,NFP,30.3,,,,9.609999999999996
Hauts-de-Seine – 9,092-09,True,,Stéphane SÉJOURNÉ / ENS / Renaissance,ENS,46.07,Pauline RAPILLY-FERNIOT / NFP / Les Écologistes,NFP,21.39,,,,24.68
Hauts-de-Seine – 10,092-10,True,,Gabriel ATTAL / ENS / Renaissance,ENS,43.85,Cécile SOUBELET / NFP / Parti socialiste,NFP,35.53,,,,8.32
Hauts-de-Seine – 11,092-11,False,,Aurélien SAINTOUL / NFP / La France insoumise,NFP,50.14,,,,,,,
Hauts-de-Seine – 12,092-12,True,<2,Jean-Didier BERGER / LR / Les Républicains,LR,39.43,Lounes ADJROUD / NFP / Parti socialiste,NFP,38.32,,,,1.1099999999999994
Hauts-de-Seine – 13,092-13,True,<2,Maud BREGEON / ENS / Renaissance,ENS,39.18,Brice GAILLARD / NFP / Parti socialiste,NFP,37.77,,,,1.4099999999999966
Seine-Saint-Denis – 1,093-01,False,,Éric COQUEREL / NFP / La France insoumise,NFP,65.28,,,,,,,
Seine-Saint-Denis – 2,093-02,False,,Stéphane PEU / NFP / Parti communiste français,NFP,71.8,,,,,,,
Seine-Saint-Denis – 3,093-03,True,,Thomas PORTES / NFP / La France insoumise,NFP,41.68,Denis CRETIN-GIELLY / EXD / Rassemblement national,EXD,21.28,,,,20.4
Seine-Saint-Denis – 4,093-04,True,,Soumya BOUROUAHA / NFP / Parti communiste français,NFP,44.52,Mohamed AWAD / La France insoumise,,23.9,,,,20.620000000000005
Seine-Saint-Denis – 5,093-05,True,,Aly DIOUARA / NFP / La France insoumise,NFP,33.1,"Aude LAGARDE / Union de la droite, du centre et des indépendants",,24.56,Raquel GARRIDO / Parti communiste français,,23.65,8.540000000000003
Seine-Saint-Denis – 6,093-06,False,,Bastien LACHAUD / NFP / La France insoumise,NFP,71.68,,,,,,,
Seine-Saint-Denis – 7,093-07,True,<5,Alexis CORBIÈRE / Parti communiste français,,40.19,Sabrina ALI-BENALI / NFP / La France insoumise,NFP,36.39,,,,3.799999999999997
Seine-Saint-Denis – 8,093-08,True,,Fatiha KELOUA HACHI / NFP / Parti socialiste,NFP,49.3,Sébastien JOLIVET / EXD / Rassemblement national,EXD,23.86,,,,25.439999999999998
Seine-Saint-Denis – 9,093-09,False,,Aurélie TROUVÉ / NFP / La France insoumise,NFP,63.19,,,,,,,
Seine-Saint-Denis – 10,093-10,False,,Nadège ABOMANGOLI / NFP / La France insoumise,NFP,52.6,,,,,,,
Seine-Saint-Denis – 11,093-11,False,,Clémentine AUTAIN / NFP / Parti communiste français,NFP,62.65,,,,,,,
Seine-Saint-Denis – 12,093-12,True,,Jérôme LEGAVRE / NFP / La France insoumise,NFP,45.11,Jean-François PERIER / EXD / Rassemblement national,EXD,26.04,,,,19.07
Val-de-Marne – 1,094-01,True,,Lyes LOUFFOK / NFP / La France insoumise,NFP,33.03,Sylvain BERRIOS / LR / Les Républicains,LR,27.97,Frédéric DESCROZAILLE / ENS / Renaissance,ENS,18.57,5.060000000000002
Val-de-Marne – 2,094-02,False,,Clémence GUETTÉ / NFP / La France insoumise,NFP,55.0,,,,,,,
Val-de-Marne – 3,094-03,True,,Louis BOYARD / NFP / La France insoumise,NFP,42.17,Arnaud BARBOTIN / EXD / À droite ! Les amis d’Éric Ciotti,EXD,27.31,Loïc SIGNOR / ENS / Renaissance,ENS,23.77,14.860000000000003
Val-de-Marne – 4,094-04,True,<5,Adel AMARA / NFP / La France insoumise,NFP,33.02,Maud PETIT / ENS / Modem,ENS,30.58,Alain PHILIPPET / EXD / Rassemblement national,EXD,26.95,2.440000000000005
Val-de-Marne – 5,094-05,True,<2,Mathieu LEFEVRE / ENS / Renaissance,ENS,38.52,Julien LEGER / NFP / Parti communiste français,NFP,37.27,Isabelle HUGUENIN-RICHARD / EXD / Rassemblement national,EXD,20.4,1.25
Val-de-Marne – 6,094-06,True,<5,May BOUHADA / NFP / Les Écologistes,NFP,40.63,Guillaume GOUFFIER VALENTE / ENS / Renaissance,ENS,37.38,,,,3.25
Val-de-Marne – 7,094-07,True,,Rachel KEKE / NFP / La France insoumise,NFP,43.65,Vincent JEANBRUN / LR / Libres !,LR,34.64,,,,9.009999999999998
Val-de-Marne – 8,094-08,True,,Michel HERBILLON / LR / Les Républicains,LR,44.13,Joao MARTINS PEREIRA / NFP / Parti socialiste,NFP,36.88,,,,7.25
Val-de-Marne – 9,094-09,False,,Isabelle SANTIAGO / NFP / Parti socialiste,NFP,58.09,,,,,,,
Val-de-Marne – 10,094-10,False,,Mathilde PANOT / NFP / La France insoumise,NFP,59.27,,,,,,,
Val-de-Marne – 11,094-11,False,,Sophie TAILLÉ-POLIAN / NFP / Génération.s,NFP,57.36,,,,,,,
Val-d’Oise – 1,095-01,True,<5,Anne SICARD / EXD / Rassemblement national,EXD,33.65,Maximillien JULES-ARTHUR / NFP / La France insoumise,NFP,30.8,Émilie CHANDLER / ENS / Renaissance,ENS,25.46,2.849999999999998
Val-d’Oise – 2,095-02,True,<5,Ayda HADIZADEH / NFP / Parti socialiste,NFP,33.47,Nadejda REMY / EXD / Rassemblement national,EXD,30.21,Guillaume VUILLETET / ENS / Renaissance,ENS,25.35,3.259999999999998
Val-d’Oise – 3,095-03,True,,Emmanuel MAUREL / NFP / Parti communiste français,NFP,35.63,Kimberley LELAIDIER / EXD / Rassemblement national,EXD,27.59,Cécile RILHAC / ENS / Renaissance,ENS,23.52,8.040000000000003
Val-d’Oise – 4,095-04,True,,Karine LACOUTURE / NFP / La France insoumise,NFP,34.65,Naïma MOUTCHOU / ENS / Horizons,ENS,27.89,Sébastien MEURANT / EXD / À droite ! Les amis d’Éric Ciotti,EXD,26.22,6.759999999999998
Val-d’Oise – 5,095-05,False,,Paul VANNIER / NFP / La France insoumise,NFP,56.01,,,,,,,
Val-d’Oise – 6,095-06,True,,Gabrielle CATHALA / NFP / La France insoumise,NFP,37.63,Estelle FOLEST / ENS / Modem,ENS,25.78,Annika BRUNA / EXD / Rassemblement national,EXD,22.07,11.850000000000001
Val-d’Oise – 7,095-07,True,,Romain ESKENAZI / NFP / Parti socialiste,NFP,37.94,David QUENTIN / EXD / Rassemblement national,EXD,27.25,Dominique DA SILVA / ENS / Renaissance,ENS,23.13,10.689999999999998
Val-d’Oise – 8,095-08,False,,Carlos Martens BILONGO / NFP / La France insoumise,NFP,58.27,,,,,,,
Val-d’Oise – 9,095-09,True,,Arnaud LE GALL / NFP / La France insoumise,NFP,40.73,Agnès MARION / EXD / Rassemblement national,EXD,30.56,,,,10.169999999999998
Val-d’Oise – 10,095-10,True,,Aurélien TACHÉ / NFP / La France insoumise,NFP,43.13,Lisbeth MACÉ / EXD / Rassemblement national,EXD,22.78,,,,20.35
Guadeloupe – 1,971-01,True,,Olivier SERVA / Guadeloupe unie solidaire et responsable,,51.4,Chantal LERUS / Divers gauche,,12.65,,,,38.75
Guadeloupe – 2,971-02,True,,Christian BAPTISTE / Parti progressite démocratique guadeloupéen,,41.33,Laurent PETIT / EXD / Rassemblement national,EXD,17.3,,,,24.029999999999998
Guadeloupe – 3,971-03,True,,Max MATHIASIN / Divers gauche,,36.21,Rody TOLASSY / EXD / Rassemblement national,EXD,25.9,,,,10.310000000000002
Guadeloupe – 4,971-04,True,,Elie CALIFER / Parti socialiste,,57.9,Jennifer LINON / Guadeloupe unie solidaire et responsable,,21.86,,,,36.04
Martinique – 1,972-01,True,,Jiovanny WILLIAM / Peyi-a,,56.56,Philippe EDMOND-MARIETTE / Régionaliste,,13.42,,,,43.14
Martinique – 2,972-02,True,,Marcellin NADEAU / Peyi-a,,48.31,Yan MONPLAISIR / Divers droite,,27.06,,,,21.250000000000004
Martinique – 3,972-03,True,,Johnny HAJJAR / Divers gauche,,37.28,Beatrice BELLAY / Parti socialiste,,25.26,,,,12.02
Martinique – 4,972-04,True,,Jean-Philippe NILOR / Peyi-a,,63.18,Grégory Michel ROY-LARENTRY / EXD / Rassemblement national,EXD,9.88,,,,53.3
Guyane – 1,973-01,True,,Jean-Victor CASTOR / Mouvement de décolonisation et d’émancipation sociale,,62.78,Boris CHONG SIT / Divers droite,,16.1,,,,46.68
Guyane – 2,973-02,True,,Davy RIMANE / Parti communiste français,,60.21,Sophie CHARLES / Divers centre,,25.49,,,,34.72
La Réunion – 1,974-01,True,,Philippe NAILLET / NFP / Parti socialiste,NFP,46.25,Jean Jacques MOREL / EXD / Rassemblement national,EXD,27.6,,,,18.65
La Réunion – 2,974-02,True,,Karine LEBON / NFP / Pour La Réunion,NFP,47.72,Christelle BEGUE / EXD / Rassemblement national,EXD,21.31,,,,26.41
La Réunion – 3,974-03,True,,Joseph RIVIERE / EXD / Rassemblement national,EXD,31.56,Alexis CHAUSSALET / Divers gauche,,23.8,,,,7.759999999999998
La Réunion – 4,974-04,True,,Emeline KBIDI / Divers gauche,,42.28,Jonathan RIVIERE / EXD / Rassemblement national,EXD,27.57,,,,14.71
La Réunion – 5,974-05,True,<5,Jean-Hugues RATENON / Divers gauche,,33.18,Joan DORO / EXD / Rassemblement national,EXD,30.07,,,,3.1099999999999994
La Réunion – 6,974-06,True,<5,Frédéric MAILLOT / Pour La Réunion,,29.76,Valérie LEGROS / EXD / Rassemblement national,EXD,26.93,,,,2.830000000000002
La Réunion – 7,974-07,True,<5,Perceval GAILLARD / NFP / La France insoumise,NFP,29.55,Jean-Luc POUDROUX / EXD / Rassemblement national,EXD,25.57,,,,3.9800000000000004
Saint-Pierre-et-Miquelon – 1,975-01,True,,Stéphane LENORMAND / Archipel demain,,43.09,Frédéric BEAUMONT / Parti socialiste,,16.89,,,,26.200000000000003
Mayotte – 1,976-01,False,,"Estelle YOUSSOUFFA / Union de la droite, du centre et des indépendants",,79.48,,,,,,,
Mayotte – 2,976-02,True,,Anchya BAMANA / EXD / Rassemblement national,EXD,35.42,Mansour KAMARDINE / LR / Les Républicains,LR,27.8,,,,7.620000000000001
Wallis-et-Futuna – 1,986-01,False,,Mikaele SEO / ENS / Renaissance,ENS,62.25,,,,,,,
Polynésie française – 1,987-01,False,,Moerani FREBAULT / Tapura Huiraatira,,53.85,,,,,,,
Polynésie française – 2,987-02,True,,Nicole SANQUER / A here ia Porinetia,,49.09,Steve CHAILLOUX / Tavini Huiraatira no te Ao Maohi,,42.19,,,,6.900000000000006
Polynésie française – 3,987-03,True,<2,Mereana REID ABERLOT / Régionaliste,,42.71,Pascale HAITI EPOUSE FLOSSE / Amuitahiraa o te nuna’a Maohi,,41.08,,,,1.6300000000000026
Nouvelle-Calédonie – 1,988-01,True,<5,Nicolas METZDORF / Générations NC,,39.81,Omayra Lisa Meun NAISSELINE / Indépendantistes et nationalistes,,36.34,,,,3.469999999999999
Nouvelle-Calédonie – 2,988-02,True,,Emmanuel TJIBAOU / Régionaliste,,44.06,Alcide PONGA / LR / Les Républicains,LR,36.18,,,,7.880000000000003
Saint-Martin / Saint-Barthélemy – 1,977-01,True,,Frantz GUMBS / Divers centre,,41.44,Alexandra QUESTEL / Divers droite,,19.92,,,,21.519999999999996
Français de l’étranger – 1,099-01,True,<5,Roland LESCURE / ENS / Renaissance,ENS,38.84,Oussama LARAICHI / NFP / Les Écologistes,NFP,36.12,,,,2.720000000000006
Français de l’étranger – 2,099-02,True,<5,Sergio CORONADO / NFP / Les Écologistes,NFP,36.16,Eléonore CAROIT / ENS / Renaissance,ENS,33.49,,,,2.6699999999999946
Français de l’étranger – 3,099-03,True,<0.5,Charlotte MINVIELLE / NFP / Les Écologistes,NFP,39.22,Vincent CAURE / ENS / Renaissance,ENS,39.13,,,,0.0899999999999963
Français de l’étranger – 4,099-04,True,<2,Cécilia GONDARD / NFP / Parti socialiste,NFP,37.45,Pieyre-Alexandre ANGLADE / ENS / Renaissance,ENS,35.46,,,,1.990000000000002
Français de l’étranger – 5,099-05,True,,Stéphane VOJETTA / Ensemble !,,33.68,Maxime DA SILVA / NFP / La France insoumise,NFP,26.18,,,,7.5
Français de l’étranger – 6,099-06,True,,Marc FERRACCI / ENS / Renaissance,ENS,40.54,Halima DELIMI / NFP / Parti socialiste,NFP,30.81,,,,9.73
Français de l’étranger – 7,099-07,True,,Frédéric PETIT / ENS / Modem,ENS,37.78,Asma RHARMAOUI-CLAQUIN / NFP / La France insoumise,NFP,32.58,,,,5.200000000000003
Français de l’étranger – 8,099-08,True,,Meyer HABIB / EXD / Les Républicains,EXD,35.58,Caroline YADAN / ENS / Renaissance,ENS,24.18,,,,11.399999999999999
Français de l’étranger – 9,099-09,True,,Karim BEN CHEÏKH / NFP / Génération.s,NFP,51.57,Samira DJOUADI / ENS / Renaissance,ENS,15.7,,,,35.870000000000005
Français de l’étranger – 10,099-10,True,<1,Elsa DI MEO / NFP / Parti socialiste,NFP,32.52,Amélia LAKRAFI / ENS / Renaissance,ENS,31.82,,,,0.7000000000000028
Français de l’étranger – 11,099-11,True,,Anne GENETET / ENS / Renaissance,ENS,39.94,Franck PAJOT / NFP / Parti socialiste,NFP,29.78,,,,10.159999999999997
